가맹점명,서울페이업종명,우편번호,자치구명,기본주소,상세주소
두손두발,생활/리빙,4710,성동구 ,서울특별시 성동구 왕십리로31길 10-1,1층 두손두발
그루밍74,생활/리빙,6284,강남구 ,서울 강남구 삼성로,"212, 상가A동 1층 113호 (대치동)"
얘들아 놀자,보건/복지,5398,강동구 ,"서울특별시 강동구 강동대로 143-48 (성내동, 파크뷰 진도)",
역삼청소년센터,문화/체육,6228,강남구 ,서울특별시 강남구 논현로64길 7 (역삼동),역삼청소년센터
콩툰 동대문점,음식점/식음료업,4564,중구   ,"서울특별시 중구 장충단로 253 (을지로6가, 헬로우APM)",지하1층 160호
주식회사 유오코,의류/잡화,3984,마포구 ,서울특별시 마포구 동교로29길 48 (연남동),1층
세영이지 주식회사,음식점/식음료업,4310,용산구 ,"서울특별시 용산구 청파로47길 100 (청파동2가, 숙명여자대학교)",제2캠퍼스 중앙도서관5층
구로G밸리체육관,문화/체육,8389,구로구 ,"서울특별시 구로구 디지털로26길 87 (구로동, 한국산업기술시험원)",구로G밸리체육관
손녀 칼국수,음식점/식음료업,8510,금천구 ,서울 금천구 벚꽃로,298 대륭포스트타워6차 B138호 손녀칼국수
새별요가,기술/기능 교육,8701,관악구 ,서울특별시 관악구 난곡로 359 (신림동),4층 새별요가
연세키즈 소아청소년과의원,보건/복지,2598,동대문구,"서울특별시 동대문구 답십리로 130 (답십리동, 래미안위브)","래미안위브아파트 301동 지층상가 4호, 연세키즈소아청소년과"
디귿헤어,생활/리빙,1694,노원구 ,서울특별시 노원구 상계로 51 201호,디귿헤어
(#)강서양천 산모피아,보건/복지,7563,강서구 ,"서울특별시 강서구 공항대로59길 8 (등촌동, 우현빌딩)",5층76호
마포구5호점 우리동네키움센터,보건/복지,4147,마포구 ,"서울특별시 마포구 백범로31길 8 (공덕동, 공덕SK리더스뷰) 201동~202동",3층 마포구5호점 우리동네키움센터
명가김밥,음식점/식음료업,1401,도봉구 ,서울특별시 도봉구 도봉로136가길 4,109호
무브투게더 PT studio 신길역점,문화/체육,7308,영등포구,"서울특별시 영등포구 경인로112길 4-3 (영등포동1가, 여의도더시그니엘)",지하 1층
더 레어 원그로브점,음식점/식음료업,7800,강서구 ,서울특별시 강서구 공항대로 165 (마곡동),C동 2층 W219호
르엘필라테스,기술/기능 교육,2221,중랑구 ,서울특별시 중랑구 면목로 357 (면목동),3층
피아이씨비,음식점/식음료업,3030,종로구 ,"서울특별시 종로구 통일로 230 (무악동, 경희궁롯데캐슬)",제1층 124호 피아이씨비
문화비 구로G밸리체육관,문화/체육,8389,구로구 ,"서울특별시 구로구 디지털로26길 87 (구로동, 한국산업기술시험원)",구로G밸리체육관
한우야한우야,식자재/유통,7741,강서구 ,서울특별시 강서구 등촌로5길 5 (화곡동),1층 한우야한우야
도화지미술교습소,예술 교육,5528,송파구 ,서울특별시 송파구 풍성로18길 8 (풍납동),1층 102호
금메달야채과일,식자재/유통,2162,중랑구 ,서울특별시 중랑구 상봉로11길 31 (면목동),1층 금메달 야채과일
신정내곁에약국,보건/복지,8058,양천구 ,서울특별시 양천구 중앙로 273 (신정동),1층 신정내곁에약국
2032493287,음식점/식음료업,5409,강동구 ,"서울특별시 강동구 양재대로 1360 (둔촌동, 포레온스테이션5)",지하1층 165호
찬란한쉼터,음식점/식음료업,4031,마포구 ,서울 마포구 양화로15길,"12, 지하1층 (서교동)"
백억커피 화양점,음식점/식음료업,5007,광진구 ,"서울특별시 광진구 광나루로 352 (화양동, 유피부과의원)",1층 백억커피 화양점
호도루,음식점/식음료업,2107,중랑구 ,서울특별시 중랑구 중랑역로 38-1 (중화동),1층
와이앤케이스튜디오,생활/리빙,4035,마포구 ,서울특별시 마포구 동교로12길 36 (서교동),지층
웍스터이태원점,음식점/식음료업,4345,용산구 ,서울특별시 용산구 녹사평대로 226-1 (이태원동),
해브피피 바버샵,생활/리빙,5829,송파구 ,서울특별시 송파구 송이로24길 17 (가락동),
알파문구  명일점,생활/리빙,5292,강동구 ,서울특별시 강동구 양재대로138길 32 (명일동),
더코코,의류/잡화,6545,서초구 ,서울특별시 서초구 신반포로 지하 200(잠원동),
조선구이사,음식점/식음료업,4625,중구   ,서울특별시 중구 퇴계로36길 27 (필동2가),1층
(주)연세웰빙라이프서울지점,식자재/유통,5247,강동구 ,서울 강동구 구천면로,"156, 2층 (천호동,동원빌딩)"
더단단(주),가전/통신,7294,영등포구,"서울특별시 영등포구 선유로 76 (문래동3가, 동국메뜨리앙)",602호
성동복지관 아이꿈누리터,기타,4704,성동구 ,"서울 성동구 청계천로 506, 5층 (마장동)",5층
밴스의원 잠실,보건/복지,5510,송파구 ,"서울특별시 송파구 송파대로 562 (신천동, 웰리스타워,삼성웰리스아파트)",4층 밴스의원 잠실점
하얀 세탁,생활/리빙,6101,강남구 ,서울특별시 강남구 언주로122길 33 (논현동),104호  하얀세탁
(성동/광진)엔젤스맘,기타,4783,성동구 ,"서울특별시 성동구 연무장11길 10 (성수동2가, 우리큐브)",
소리스 전통예술원,기타,8086,양천구 ,서울특별시 양천구 중앙로36길 46 (신정동),신서빌딩 B1소리스
옴 (ommm),생활/리빙,5671,송파구 ,서울특별시 송파구 가락로28길 3 (송파동),
트라이  (수유점),의류/잡화,1117,강북구 ,서울시 강북구 도봉로 259,
돈칼,음식점/식음료업,7663,강서구 ,"서울특별시 강서구 화곡로44나길 53 (화곡동, 해인피아노학원)",1층 돈칼
탕화쿵푸마라탕 목동점,음식점/식음료업,7983,양천구 ,"서울특별시 양천구 목동동로 393 (목동, 부영그린타운1차아파트)",104호
753 베이글비스트로,음식점/식음료업,1803,노원구 ,서울특별시 노원구 공릉로26길 32 (공릉동),1.2층
박용길헤어파크,생활/리빙,8086,양천구 ,서울시 양천구 은행정로 9,
바디핏테라피 영등포,보건/복지,7287,영등포구,"서울특별시 영등포구 경인로77길 49 (문래동4가, 리버뷰신안인스빌) 109동",109동 상가 2층 201-87호
쌍용반찬,식자재/유통,5823,송파구 ,서울특별시 송파구 동남로 189 (가락동),
소토호,기술/기능 교육,4007,마포구 ,"서울특별시 마포구 망원로4길 20 (망원동, 한지붕)",102호
미술로생각하기,예술 교육,7333,영등포구,서울시 영등포구 국제금융로78,"홍우빌딩 904,1002호"
초초수학교습소,입시/교습학원,2719,성북구 ,"서울특별시 성북구 정릉로 305 (정릉동, 길음뉴타운경남아너스빌) 101동~108동,상가",상가 301호
양계장 닭한마리,음식점/식음료업,4334,용산구 ,서울특별시 용산구 한강대로104길 20 (동자동),
온에어,생활/리빙,3078,종로구 ,서울 종로구 대명길,23 (명륜4가)
문화비 구로구민체육센터,문화/체육,8239,구로구 ,서울특별시 구로구 고척로45길 39,구로구민체육센터
가양역점 스포애니 (주)케이디헬스케어,문화/체육,7548,강서구 ,"서울특별시 강서구 양천로 510 (등촌동, 현대프린스텔)",
가고싶은 대형약국,보건/복지,5506,송파구 ,"서울특별시 송파구 강동대로 74 (풍납동, 잠실올림픽공원아이파크)","1층 101호, 2층, 201호"
문화비 50플러스수영장,문화/체육,8350,구로구 ,"서울특별시 구로구 오류로 36-25 (천왕동, 50플러스남부캠퍼스)",50플러스수영장
이인재소아과의원,보건/복지,1679,노원구 ,서울시 노원구 노원로34길 112,
은정 일본어 과외,기술/기능 교육,1710,노원구 ,서울 노원구 덕릉로71길,"5, 101동 808호 (중계동,성원아파트)"
소나무와 시루떡,기타,3390,은평구 ,서울 은평구 통일로73길,"5-10, 3층 302호 (대조동,현우빌)"
이사천사,기타,8266,구로구 ,서울 구로구 고척로22길,"84, 603호 (개봉동,동도센트리움아파트)"
씨엘약국,보건/복지,2150,중랑구 ,서울 중랑구 상봉로 131,", 1층(상봉동, 상봉 듀오트리스)"
그래도감성공방,기타,4139,마포구 ,"서울특별시 마포구 백범로25길 63 (염리동, 염리삼성래미안)",상가 2층 202호
시운LAB 실용음악학원,예술 교육,5043,광진구 ,서울특별시 광진구 자양로 112 (구의동),203호
(주)천백휘,음식점/식음료업,3073,종로구 ,서울 종로구 성균관로,"15-2, 1층 (명륜2가)"
사발,음식점/식음료업,3174,종로구 ,"서울특별시 종로구 사직로8길 34 (내수동, 경희궁의아침3단지)",
노원강아지분양 고양이분양 도그마루,생활/리빙,1756,노원구 ,"서울특별시 노원구 동일로 1354 (상계동, 명석빌딩)",2층 201호 도그마루
막창로2가 거부기곱창,음식점/식음료업,7562,강서구 ,서울특별시 강서구 공항대로61길 22-7 (염창동),1층
코리아세븐양재11호,식자재/유통,6748,서초구 ,서울특별시 서초구 양재천로21길 28 (양재동),(롯데택배) 세븐일레븐 양재11호점
깡우동(시흥사거리점),음식점/식음료업,8629,금천구 ,서울 금천구 시흥대로52길,"16, 지상1층,지상2층 (시흥동)"
바레엑스 필라테스,기술/기능 교육,5410,강동구 ,"서울특별시 강동구 양재대로 1300 (둔촌동, 올림픽파크포레온)",9LTS 2202호
하이브레인 과학교습소,입시/교습학원,7807,강서구 ,"서울특별시 강서구 마곡중앙로 59-21 (마곡동, 에이스타워Ⅱ)",226호
(주)모네데코,건축/철물,3710,서대문구,서울특별시 서대문구 모래내로 207 1층,
뉴서울휴게소,음식점/식음료업,6198,강남구 ,서울 강남구 선릉로86길,"6-3, 1층 지상 1층 (대치동)"
뉴석계프라자약국,보건/복지,1895,노원구 ,서울특별시 노원구 석계로 2 (월계동),뉴석계프라자약국
코무,음식점/식음료업,2850,성북구 ,서울특별시 성북구 고려대로7가길 1 (안암동2가),1층
샤론미용실,생활/리빙,3767,서대문구,서울특별시 서대문구 이화여대8길 2 (대현동),지하1층
테마,의류/잡화,4529,중구   ,서울 중구 남대문시장4길 21대도E동158호1층,테마
오샤레,생활/리빙,7427,영등포구,서울특별시 영등포구 디지털로 461,.
에스피상회,음식점/식음료업,7654,강서구 ,서울 강서구 공항대로46길,"25, 201호 일부 (화곡동)"
문화비 개웅산생활체육관,문화/체육,8351,구로구 ,"서울특별시 구로구 개봉로3길 108-20 (개봉동, 개웅산생활체육관)",개웅산생활체육관
가나안,음식점/식음료업,4607,중구   ,서울시 중구 다산로 131,(신당동)
삼겹집,음식점/식음료업,2738,성북구 ,서울특별시 성북구 오패산로 53-6 (하월곡동),1층
우리동네키움센터성북6호점,기업/기관,2826,성북구 ,"서울특별시 성북구 아리랑로 89 (돈암동, 일신건영휴먼빌아파트)",
렌즈미 낙성대점,의류/잡화,8793,관악구 ,서울특별시 관악구 남부순환로 1924(봉천동),1층 101호(동림오피스텔)
송이,생활/리빙,3478,은평구 ,서울  은평구  응암4동 603-55번지  2층  내,송이
백산왕인,음식점/식음료업,3757,서대문구,서울시 서대문구북아현로2안길 9(북아현동),백산왕인
비에이치씨(BHC) 자양뚝섬점,음식점/식음료업,5103,광진구 ,서울특별시 광진구 뚝섬로 676 (자양동),1층
포방한우마을,기타,3602,서대문구,서울특별시 서대문구 홍은중앙로9길 2 (홍은동),
이가초밥,음식점/식음료업,6284,강남구 ,"서울특별시 강남구 삼성로 212 (대치동, 은마아파트)",은마종합상가A블럭 3-1
재단법인 노원교육복지재단(중계무지개 아이휴센터),보건/복지,1781,노원구 ,"서울특별시 노원구 동일로208길 19 (중계동, 중계무지개아파트)",201동 104호
폴라리스안경,의류/잡화,4528,중구   ,서울특별시 중구 남대문시장길 9 (남대문로4가),
미래엔수학하계중평수학교습소,입시/교습학원,1780,노원구 ,"서울특별시 노원구 섬밭로 232 (하계동, 현대아파트,우성아파트) 101동~112동,상가동",
멕시카나치킨 천호점,음식점/식음료업,5311,강동구 ,서울 강동구 천중로29길 9 (천호동),1층
개인용달,기타,7350,영등포구,서울 영등포구 도신로62길,"32-2, 101호 (신길동,월드빌)"
러프에어리얼스튜디오,기술/기능 교육,8292,구로구 ,서울특별시 구로구 구로중앙로32나길 29 (구로동),지하 1층 100호
듀엣커피 DUET COFFEE,음식점/식음료업,8613,금천구 ,서울 금천구 시흥대로73길 67,
이치규 광화문점,음식점/식음료업,3157,종로구 ,"서울특별시 종로구 종로 19 (종로1가, 르메이에르종로타운1)",지하1층 B123호 이치규 광화문점
우리동네키움센터성북13호점,보건/복지,2874,성북구 ,"서울특별시 성북구 보문사길 18 (보문동3가, 은영유치원)",
드이베,기타,4583,중구   ,서울 중구 퇴계로88길,"53, 3층 (신당동)"
(사) 한국보건의료진흥재단 나눔치과의원,보건/복지,7920,양천구 ,서울 양천구 곰달래로5길,"35, 2층 (신월동)"
문화비 신도림생활체육관,문화/체육,8200,구로구 ,"서울특별시 구로구 경인로67길 149 (신도림동, 신도림생활체육관)",신도림생활체육관
두리조이,생활/리빙,6720,서초구 ,"서울특별시 서초구 효령로 304 (서초동, 국제전자센터)","8층 46,47호 두리조이"
봉된장,음식점/식음료업,8774,관악구 ,서울 관악구 신원로3가길,"21, 1층 (신림동)"
비오에스BOS,자동차/주유,3978,마포구 ,"서울 마포구 월드컵북로 98, 1층 야마하마포점 (성산동, 성산동성일아파트)",
리피티,문화/체육,4710,성동구 ,서울특별시 성동구 왕십리로 347 (하왕십리동),2층
승환네,음식점/식음료업,4515,중구   ,서울특별시 중구 서소문로 109-7 (서소문동),
아우름퍼니쳐AURUMFURNITURE,가구/인테리어,3415,은평구 ,서울특별시 은평구 연서로9길 29 (역촌동),1층
1162616369,음식점/식음료업,6971,동작구 ,서울특별시 동작구 상도로37길 65 (상도동),1층 교반
아이디하우스,가구/인테리어,7256,영등포구,서울 영등포구 국회대로28길,"17, 4층 4692호 (당산동3가)"
두리봄약국,보건/복지,4024,마포구 ,"서울특별시 마포구 월드컵로3길 14 (합정동, 마포한강2차푸르지오)",
은평축산물직거래장터,식자재/유통,3478,은평구 ,서울특별시 은평구 응암로 174 (응암동),1층
예닮,의류/잡화,7587,강서구 ,서울 강서구 공항대로41길,"44, 1층 102호 (등촌동)"
한국회관,음식점/식음료업,6575,서초구 ,서울 서초구 반포동,107-45번지 1
주식회사 진방실업,의류/잡화,1432,도봉구 ,서울 도봉구 해등로17길,"12, 지층 (쌍문동)"
미유펍,음식점/식음료업,4350,용산구 ,서울특별시 용산구 이태원로 165-6 (이태원동),지하1층 미유펍
삼성타일,건축/철물,7948,양천구 ,서울시 양천구 목동중앙본로 113,"나동 105호(목동, 효명)"
아모레카운셀러,생활/리빙,7945,양천구 ,"서울 양천구 신정중앙로 94 3층 (신정동,목마빌딩)",빌딩 및 상가 內
떼루아,음식점/식음료업,1216,강북구 ,서울특별시 강북구 도봉로10다길 17,1층
댑,의류/잡화,3164,종로구 ,서울특별시 종로구 종로 69,종각지하상가 G-1호(종로2가)
더벤티 송파가락점,음식점/식음료업,5714,송파구 ,서울특별시 송파구 송이로 91 (가락동),1층 103호104호
아모레,생활/리빙,8788,관악구 ,"서울특별시 관악구 남부순환로 1799 ,4층 (봉천동, 대영오피스텔)",빌딩 및 상가 內
맛남굼터,음식점/식음료업,7705,강서구 ,"서울특별시 강서구 강서로45가길 10 (화곡동, 경원빌딩)",
도움텔레콤,기타,3114,종로구 ,"서울 종로구 종로 352, 1층 (숭인동)",
미소반찬,식자재/유통,1331,도봉구 ,서울시 도봉구 마들로 650,미소반찬
다굽따,음식점/식음료업,1077,강북구 ,서울특별시 강북구 노해로 49,1층 2호
김범식 독일어학원,외국어/언어,6134,강남구 ,서울특별시 강남구 강남대로92길 17,"대승빌딩 6, 7층"
토종한우,식자재/유통,5379,강동구 ,서울 강동구 천호옛14길 47 (성내동),
계근상 쌍문점,음식점/식음료업,1443,도봉구 ,서울특별시 도봉구 도봉로113길 16 (쌍문동),103호
몽란,음식점/식음료업,2829,성북구 ,서울특별시 성북구 동소문로 129-1 (동선동4가),
갱스터펍,음식점/식음료업,8507,금천구 ,서울시 금천구 가산디지털1로 168,A동 지하1층
마포나루스페이스,자동차/주유,4176,마포구 ,"서울 마포구 마포대로 8,",1층 (마포동)
365필요한의원,보건/복지,2120,중랑구 ,서울 중랑구 망우로,
글로벌프로젝트관리연구소,기타,7366,영등포구,서울 영등포구 영신로17길,"8, 지하1층 ROOM 1 (영등포동,오학빌딩)"
카페 히든원,음식점/식음료업,2034,중랑구 ,"서울특별시 중랑구 공릉로2가길 28 (묵동, 영광빌라)",
주식회사 청담에프엔비,음식점/식음료업,5117,광진구 ,서울시 광진구 구의강변로 92,청담에프앤비
루비스,의류/잡화,4390,용산구 ,"서울시 용산구 이태원로14길 6 (이태원동, 이태원시장)",33호
청춘종합어시장,음식점/식음료업,2845,성북구 ,서울특별시 성북구 동소문로 122,
잠실엘스영어공부방,외국어/언어,5501,송파구 ,"서울특별시 송파구 올림픽로 99 (잠실동, 잠실엘스)",125동 401호
츠키노리,음식점/식음료업,4337,용산구 ,서울 용산구 신흥로,"103-1, 지1층 (용산동2가)"
법무법인에이센트,기타,6224,강남구 ,서울 강남구 논현로,"418, 5층 (역삼동,휴먼빌딩)"
유성에프아이,자동차/주유,2619,동대문구,서울 동대문구 답십리동,958-22번지
강창구찹쌀진순대 영등포에이스하이테크시티점,음식점/식음료업,7299,영등포구,서울 영등포구 경인로,
(주)제이오케이 컴퍼니,의류/잡화,7552,강서구 ,서울특별시 강서구 양천로66길 26 (등촌동),
Cu광진이스트폴,식자재/유통,5050,광진구 ,서울특별시 광진구 뚝섬로 717 (자양동),106동 상가동 109호
요리노리,기타,8638,금천구 ,서울 금천구 시흥대로37길,"14, 1층 (시흥동)"
Intro(인트로),음식점/식음료업,8589,금천구 ,"서울 금천구 가산디지털1로 119, B동 606호 (가산동, SK트윈테크타워)",1층
은평6호점우리동네키움센터,기타,3377,은평구 ,서울특별시 은평구 녹번로7길 36 (녹번동),지하1층 (은평6호점 우리동네키움센터)
오야붕,음식점/식음료업,6777,서초구 ,서울 서초구 양재동,
(주)유쓰배쓰(YOUTH BATH),의류/잡화,3999,마포구 ,서울 마포구 월드컵북로,"57-7, 3층 (성산동)"
환경타임즈,기타,4721,성동구 ,서울 성동구 행당로1길,21-6 (금호동1가)
바비펫한양대,생활/리빙,4760,성동구 ,서울 성동구 마조로,"25, 106호 (행당동,제일빌딩)"
키즈스마일놀이필라테스,문화/체육,1720,노원구 ,서울 노원구 중계로18길,"17, 4층 403호 (중계동,동진프라자)"
도미노피자 노량진점,음식점/식음료업,6913,동작구 ,서울 동작구 노량진로,
(주)볼테크,가전/통신,140871,기타   ,서울 용산구 한강로2가,2-194제일빌딩1층
재미수학교습소,기술/기능 교육,3941,마포구 ,서울 마포구 월드컵북로,
세븐일레븐 뉴강동구민회관점,식자재/유통,5307,강동구 ,"서울특별시 강동구 상암로41길 3 (천호동, 천호동K빌딩)",1층
얌샘(김밥),음식점/식음료업,6937,동작구 ,"서울특별시 동작구 장승배기로11가길 11 (상도동, 상도파크자이)",11  상도파크자이상가  102호
아이봄뷰티,생활/리빙,7756,강서구 ,서울특별시 강서구 강서로16길 27,1층
작은평화,문화/체육,4009,마포구 ,서울 마포구 망원로,"62, 2층 (망원동)"
소금구이파츠,가전/통신,3704,서대문구,서울특별시 서대문구 연희로11마길 36 (연희동),왼쪽나무문
서정펫,생활/리빙,1630,노원구 ,"서울특별시 노원구 동일로 1640 (상계동, 오아시스빌딩)",
진리수학교습소,입시/교습학원,8599,금천구 ,"서울특별시 금천구 한내로 62 (독산동, 한신아파트)",
필즈더클래식광진센터학원,입시/교습학원,5117,광진구 ,"서울특별시 광진구 구의강변로 106 (구의동, 구의동삼성쉐르빌101동) 101동",
워라밸 피트니스,문화/체육,1333,도봉구 ,서울특별시 도봉구 도봉로150가길 27(방학동),지하1층
배부장찌개 독산점,음식점/식음료업,8594,금천구 ,서울 금천구 가산디지털1로,
장위센트럴타운상가,자동차/주유,2759,성북구 ,서울 성북구 월계로40길,"7, 117호 (장위동,센트럴타운)"
태을관상을요리하다,기타,3131,종로구 ,서울 종로구 돈화문로11가길,77-8 (운니동)
서울황태,음식점/식음료업,6049,강남구 ,서울 강남구 논현로150길,
명가삼계탕,음식점/식음료업,8503,금천구 ,서울특별시 금천구 가산디지털2로 144 (가산동),"지하1층 B124,125 현대테라타워 가산DK"
혀니살롱,생활/리빙,8241,구로구 ,"서울특별시 구로구 고척로49길 2 (고척동, 고척헤리츠)",
으뜸남대문안경,의류/잡화,6781,서초구 ,서울특별시 서초구 동산로 67,서초구 양재동 291-18 102호
일등법무사사무소,기타,7257,영등포구,서울 영등포구 당산로,"124, 2층 (당산동3가)"
경희참편한한의원,보건/복지,7042,동작구 ,서울특별시 동작구 성대로2길 3 (상도동),
법무법인새한양,기타,6595,서초구 ,서울 서초구 법원로,"15, 서관 306호 (서초동,정곡빌딩)"
가원플라워,생활/리빙,6609,서초구 ,서울 서초구 사평대로52길,"1, 1층 103호 (서초동,대경빌딩)"
(주)더블루,기술/기능 교육,8595,금천구 ,서울 금천구 범안로,"1142, 5층 509호 (가산동,하우스디 더 스카이밸리 가산2차)"
데일리피트니스 PT 성수점,문화/체육,4776,성동구 ,"서울특별시 성동구 뚝섬로 400 (성수동2가, 뚝섬쇼핑센타)",
꽃피는정원,의류/잡화,137942,기타   ,서울 서초구 양재2동,232 중도매인 2층 210
오성,음식점/식음료업,2791,성북구 ,서울 성북구 화랑로,"196, 1층 1호 (석관동)"
남서울한의원,보건/복지,6979,동작구 ,서울시 동작구 현충로 92,
신세계부동산공인중개사사무소,부동산/임대,1901,노원구 ,"서울특별시 노원구 석계로 49 (월계동, 현대아파트) 101동~111동,상가",
LGUPLUS엘지유플러스광화문빌딩점,기타,3184,종로구 ,"서울특별시 종로구 새문안로 58 (신문로2가, LG광화문빌딩)",
삼정약국,보건/복지,4362,용산구 ,서울 용산구 원효로19길,72-1 (원효로3가)
아리따움연희점,생활/리빙,3707,서대문구,서울특별시 서대문구 연희맛로 23 (연희동),
윤성희재즈밴드,기타,2154,중랑구 ,서울특별시 중랑구 면목로92가길 26 (상봉동),동광빌라 a 402
사함께웃는마을공동체 즐거운가가락본동 송파키움센터,기타,5705,송파구 ,"서울특별시 송파구 오금로36길 36 (가락동, 태연빌딩)",3층 가락본동 송파키움센터
보스턴은소아과,보건/복지,8747,관악구 ,서울 관악구 양녕로,
커밍제인,의류/잡화,3037,종로구 ,서울시 종로구 옥인3길 3,
신림동장인 떡볶이,음식점/식음료업,8839,관악구 ,서울 관악구 신림로12길,"34, 지하1층 (신림동)"
담담(담아 담다),음식점/식음료업,6536,서초구 ,서울특별시 서초구 사평대로57길 93 담담,담담(담아 담다)
숙썽수산 종로본점,음식점/식음료업,3190,종로구 ,"서울특별시 종로구 삼일대로19길 16 (관철동, 덕흥빌딩)",
프레시크레딧 역삼팁스타운점,식자재/유통,6247,강남구 ,"서울특별시 강남구 역삼로 171 (역삼동, 브라운스톤역삼아파트)",
오렌즈 선릉점,의류/잡화,6198,강남구 ,서울특별시 강남구 선릉로86길 18,
일품양평해장국 제기점,음식점/식음료업,2566,동대문구,"서울특별시 동대문구 정릉천동로 58(용두동, 롯데캐슬피렌체)",130호
주상주교유코리아,문화/체육,7528,강서구 ,서울 강서구 양천로 401,A동 11층
호주헬스라이프,식자재/유통,8622,금천구 ,서울특별시 금천구 독산로39길 21,1층
원조양평해장국,음식점/식음료업,8589,금천구 ,서울시 금천구 디지털로 130(가산동),
법무부남부보라미어린이집,기술/기능 교육,8367,구로구 ,서울 구로구 금오로,865 (천왕동)
참이쁜돼지,음식점/식음료업,2069,중랑구 ,서울시 중랑구 봉화산로56길 74(신내동),
브루브루 (주),음식점/식음료업,5663,송파구 ,서울 송파구 오금로,
민태 컴퓨터,의류/잡화,4930,광진구 ,서울 광진구 용마산로3길,"93, 1층 (중곡동)"
겜마컬렉션,의류/잡화,4022,마포구 ,서울 마포구 월드컵로7길,"65-3, 503호 (합정동,그레이스빌)"
더달달 관악봉천점,음식점/식음료업,8735,관악구 ,서울특별시 관악구 관악로24길 78 (봉천동),
아인헤어,생활/리빙,4152,마포구 ,서울특별시 마포구 토정로31길 63(대흥동),1층 105호
복원양꼬치,음식점/식음료업,8509,금천구 ,서울시 금천구 벚꽃로 38길 21,1층
에어컨홈케어,의류/잡화,5787,송파구 ,서울 송파구 양산로4길,"8, 401동 803호 (거여동,거여4단지아파트)"
이레건강원,기타,1076,강북구 ,서울특별시 강북구 노해로17길 36(수유동),이레건강원
제이델링 레터링케이크 서울송파점,음식점/식음료업,5597,송파구 ,"서울특별시 송파구 백제고분로32길 38 (삼전동, 기웅빌딩)",101호
늘고운한의원,보건/복지,3059,종로구 ,서울시 종로구 북촌로 22-1,
모아무아 스튜디오,기타,5803,송파구 ,"서울특별시 송파구 동남로4길 31-1 (문정동, 빅토리)",2층 모아무아 스튜디오
파라곤  헤어살롱,생활/리빙,7997,양천구 ,서울특별시 양천구 목동서로 155 (목동),
트로피티 아일랜드 한성대점,음식점/식음료업,2868,성북구 ,서울 성북구 보문로29길,
폐기물처리 큐온,기타,2119,중랑구 ,서울 중랑구 망우로30길,"8, 401호 (상봉동)"
비그린스튜디오,기술/기능 교육,6284,강남구 ,서울 강남구 삼성로,"212, 31동 404호 (대치동,은마아파트)"
알로이방콕3,음식점/식음료업,6949,동작구 ,서울특별시 동작구 상도로 161-1,1층
찬스어패럴,의류/잡화,4320,용산구 ,서울 용산구 한강대로,"329, B1층 102호 (갈월동)"
진국감자탕,음식점/식음료업,2017,중랑구 ,서울시 중랑구 중랑역로 106-1,
마쇼마쇼,음식점/식음료업,4997,광진구 ,서울 광진구 군자로,"164, 1층 (군자동)"
라시엘발레학원,기술/기능 교육,4317,용산구 ,서울특별시 용산구 효창원로64길 2 (효창동),
동아상사,가구/인테리어,1118,강북구 ,서울 강북구 미아동,203-5번지
델리식스 주식회사,음식점/식음료업,7802,강서구 ,서울특별시 강서구 마곡동로3길 26(마곡동),305호
루미북클럽 시흥벽산독서논술교습소,기술/기능 교육,8646,금천구 ,서울 금천구 금하로,"816, 상가1동 306 - 2호 (시흥동)"
프로미스킴,기타,2568,동대문구,서울 동대문구 정릉천동로,"80, B동 302호 (제기동,경동미주아파트)"
더벤티 국회대로점,음식점/식음료업,7237,영등포구,서울 영등포구 국회대로,"780, 1층 110호 (여의도동,엘지여의도에클라트)"
행복을 담는키친,음식점/식음료업,5611,송파구 ,서울 송파구 석촌호수로,"210, 지하1층 23호 (석촌동,석촌호수효성해링턴타워)"
슈크레아이스크림할인점(상도점),식자재/유통,6959,동작구 ,서울 동작구 상도로22나길,
한마음공인중개사사무소,부동산/임대,4713,성동구 ,"서울특별시 성동구 행당로 87 (행당동, 행당동대림아파트)",
청록바이오,식자재/유통,133110,기타   ,서울 성동구 성수동1가,13-209 2층 210호
엠케이,의류/잡화,3418,은평구 ,서울 은평구 연서로3길,"14-7, 301호 (역촌동,삼익빌라)"
카페유니콘24,음식점/식음료업,3668,서대문구,서울특별시 서대문구 증가로24가길 42 (북가좌동),1층 카페유니콘 (아이스크림가게 옆)
경인당,생활/리빙,3149,종로구 ,서울 종로구 인사동길,"33, 4층 (관훈동)"
유리진,생활/리빙,3391,은평구 ,서울 은평구 통일로71길,"2-1, 4층 427호 (대조동,대조빌딩)"
아이린헤어로그,생활/리빙,4715,성동구 ,"서울특별시 성동구 무학봉28길 5 (하왕십리동, 상리제나우스)",
각자의연유 체형교정센터,문화/체육,1895,노원구 ,서울특별시 노원구 화랑로 337-4 (월계동),
굿모닝마트쌍문역점,식자재/유통,1366,도봉구 ,서울특별시 도봉구 삼양로 590,1층
씨티보이 삼각지,음식점/식음료업,4382,용산구 ,서울특별시 용산구 한강대로 162-2(한강로1가),
아꼬떼,음식점/식음료업,3059,종로구 ,서울특별시 종로구 계동길 5 (계동),
모던필라테스 강변점,기술/기능 교육,5117,광진구 ,서울특별시 광진구 광나루로54길 83 (구의동),
크림슨파더,음식점/식음료업,3085,종로구 ,서울 종로구 동숭3길,
방배노인종합복지관(그린라이프),식자재/유통,6677,서초구 ,서울 서초구 방배천로,"48 (방배동,방배노인종합복지관)"
김성조치과의원,보건/복지,3077,종로구 ,서울 종로구 대학로,
윤실 네츄럴스킨케어,생활/리빙,6993,동작구 ,"서울특별시 동작구 동작대로39길 22 (동작동, 이수힐스테이트)",상가 210호
저녁한잔 화곡역점,음식점/식음료업,7714,강서구 ,서울특별시 강서구 화곡로25길 7 (화곡동),
지은자기,의류/잡화,4760,성동구 ,서울 성동구 마조로,"43, 2층 (행당동)"
혜성화장품,생활/리빙,6935,동작구 ,서울특별시 동작구 장승배기로 119 (노량진동),
위드에스테틱,생활/리빙,6587,서초구 ,서울 서초구 방배로28길,"89, 1층 (방배동)"
365구생약국,보건/복지,3396,은평구 ,서울시 은평구 통일로 739,
여의도진주소아청소년과의원,보건/복지,7343,영등포구,"서울특별시 영등포구 여의대방로 386 (여의도동, 진주상가)",
훈김밥,음식점/식음료업,7765,강서구 ,서울특별시 강서구 가로공원로78길 56 (화곡동),
뉴베리영어독서영어교습소,기술/기능 교육,2727,성북구 ,서울 성북구 숭인로,길음동 1288 래미안길음센터피스아파트 상가 101동 1203호 뉴베리영어독서영어교습소
할리스커피,음식점/식음료업,6074,강남구 ,서울특별시 강남구 학동로 517 (청담동),1층 할리스커피
네일케키,생활/리빙,7788,강서구 ,"서울특별시 강서구 마곡중앙5로 6 (마곡동, 마곡나루역보타닉푸르지오시티)",
강북구3호점우리동네키움센터,기타,1183,강북구 ,서울특별시 강북구 인수봉로6길 39 (미아동),
류마변세진내과,보건/복지,5353,강동구 ,서울 강동구 양재대로,
강태욱피부과,보건/복지,4717,성동구 ,서울특별시 성동구 행당로 84 (행당동),
아모레카운셀러,기타,1161,강북구 ,서울특별시 강북구 도봉로 132 (미아동),3층
애런스그린키위영어교습소,외국어/언어,5770,송파구 ,서울 송파구 오금로46길 11 (가락동),2층 아론스키위영어보습학원
집사의 하루 강남점,생활/리빙,6123,강남구 ,서울특별시 강남구 봉은사로4길 32(역삼동),3층
베이징양고기전문점,음식점/식음료업,3311,은평구 ,"서울특별시 은평구 진관1로 21-35 (진관동, 어드벤스힐오피스텔)",1층119
주에버아트,생활/리빙,6292,강남구 ,서울특별시 강남구 언주로30길 13,대림아크로텔 C동 2708호
대성 도배,건축/철물,8702,관악구 ,서울 관악구 신사로12길,3 (신림동)
송주불냉면,음식점/식음료업,7614,강서구 ,서울시 강서구 방화동로49,",  1층"
피투사 FIT USA 신도림점 여성전용,문화/체육,8211,구로구 ,서울특별시 구로구 신도림로 16,상가동 2층 205호
서린법률사무소,기타,6634,서초구 ,서울 서초구 서초중앙로,"120, 6층 2호 (서초동,현정빌딩)"
홍능족발1977,음식점/식음료업,4715,성동구 ,서울시 성동구 왕십리로 309,
와이유 바둑 스튜디오,생활/리빙,4715,성동구 ,서울 성동구 무학봉28길,"3-1, 304호 (하왕십리동,왕십리지음재)"
매력발산 점핑,문화/체육,7638,강서구 ,서울 강서구 강서로45길,
셀비아 컴퍼니,생활/리빙,2751,성북구 ,서울 성북구 화랑로,"76, 101동 809호 (하월곡동,코업스타클래스)"
반도스포츠,보건/복지,7442,영등포구,서울특별시 영등포구 시흥대로 651 (대림동),반도스포츠
영  미용실,생활/리빙,1765,노원구 ,서울시 노원구 동일로213길 77,(상계주공1단지상가 나 - 107)
참치빠,음식점/식음료업,5283,강동구 ,서울특별시 강동구 천호대로219다길 7-27 (상일동),
구립 넓은들어린이집,기술/기능 교육,8050,양천구 ,서울 양천구 신정이펜1로,"50, 신정이펜하우스3단지 보육시설 (신정동)"
비비케이스 건대점,의류/잡화,5072,광진구 ,서울 광진구 아차산로30길,"8, 1층 3호 (자양동)"
향리원마라탕구산점,음식점/식음료업,3412,은평구 ,서울 은평구 서오릉로,"159 (구산동,에덴빌딩)"
봄날디자인스튜디오,기타,4048,마포구 ,서울 마포구 어울마당로5길,"18, 3층 (서교동)"
주식회사 리라에프앤비,음식점/식음료업,5117,광진구 ,서울시 광진구 구의강변로 90,
인테리어클래스,건축/철물,8854,관악구 ,"서울특별시 관악구 난곡로30길 27 (신림동, 아름채)",
향월재 카페,음식점/식음료업,4604,중구   ,서울특별시 중구 동호로17길 83 (신당동),
이실이네,음식점/식음료업,8289,구로구 ,서울특별시 구로구 공원로6나길 29-21 (구로동),
앱모어커피(ABMORCOFFEE),음식점/식음료업,7238,영등포구,서울특별시 영등포구 은행로 29,
태권쏭(태권도장),기술/기능 교육,5274,강동구 ,서울 강동구 고덕로,
후테일러,의류/잡화,6713,서초구 ,서울 서초구 명달로,
주식회사 온티칭,문화/체육,8377,구로구 ,"서울특별시 구로구 디지털로33길 48 (구로동, 대륭포스트타워7차)",
강남기대찬의원,보건/복지,6620,서초구 ,"서울특별시 서초구 강남대로 375 (서초동, 서초현대타워아파트)",
키키브라더스 노원,생활/리빙,1693,노원구 ,"서울 노원구 상계로3길 38-8, 3층 (상계동)",상가동 202-1호
개성시대,생활/리빙,5825,송파구 ,서울특별시 송파구 중대로16길 11 (가락동),
삼성세탁,생활/리빙,7361,영등포구,서울시 영등포구 가마산로79가길 6-1？,삼성래미안상가 B06
초이스살롱,생활/리빙,4049,마포구 ,서울시 마포구 독막로15길 5,2층 201호(상수동)
심플리타이 합정점,음식점/식음료업,4047,마포구 ,서울특별시 마포구 양화로6길 57 1층 심플리타이,심플리타이합정점(SIMPLY THAI)
해바라기정육식당,음식점/식음료업,4309,용산구 ,서울특별시 용산구 청파로 289 (청파동2가),
중화루,음식점/식음료업,7582,강서구 ,서울특별시 강서구 강서로 426,101호중화루
두찜 강서발산역점,음식점/식음료업,7806,강서구 ,서울 강서구 공항대로,
스코AI관리형 스터디카페 구의1호점,생활/리빙,5024,광진구 ,"서울특별시 광진구 자양로 163,","우남빌딩 3층 301,302,303호"
아하잉글리쉬,입시/교습학원,8843,관악구 ,서울특별시 관악구 문성로36길 12 (신림동),
컨트롤학원,입시/교습학원,7798,강서구 ,서울특별시 강서구 마곡서로 133,M7타워 713동 601호
두잇액팅스쿨학원,기술/기능 교육,3086,종로구 ,서울 종로구 동숭길,"47, 4층,5층 (동숭동)"
아이피티씨(IPTC),여행/숙박,4522,중구   ,서울 중구 남대문로,"117, 다동 1115호 (다동,동아빌딩)"
마우이서재,음식점/식음료업,6018,강남구 ,서울 강남구 선릉로161길,"18, 5층 (신사동)"
제이윈,의류/잡화,5672,송파구 ,서울 송파구 오금로32길,"10, 3동 302호 (송파동,미성아파트)"
해남곳간,음식점/식음료업,5769,송파구 ,서울특별시 송파구 오금로46길 8-1 (가락동),
서울상회 고추방앗간,기타,5756,송파구 ,서울특별시 송파구 거마로22길 26-18,1층
아일로(A HILO),의류/잡화,5804,송파구 ,서울특별시 송파구 동남로 110 (문정동),
비구데코,생활/리빙,4595,중구   ,서울 중구 다산로,"32, 상가 103호 (신당동,남산타운)"
꿈꾸는자동차,자동차/주유,8574,금천구 ,서울특별시 금천구 탑골로 21,꿈꾸는자동차
신성0222421144공인중개사무소,부동산/임대,2558,동대문구,"서울특별시 동대문구 서울시립대로 75 (전농동, 전농동신성미소지움아파트)",
대신가방,의류/잡화,4529,중구   ,서울 중구 남대문로,"36, 47 (회현동1가,자유상가빌딩1층47호~48호)"
그린달,생활/리빙,6525,서초구 ,서울특별시 서초구 강남대로101안길 18-5 (잠원동),
대치동1타피자,음식점/식음료업,6204,강남구 ,서울특별시 강남구 도곡로77길 35 (대치동),
헤어포인트,생활/리빙,4953,광진구 ,서울특별시 광진구 천호대로 655 (중곡동),2층 봉헤어
Design by 권혁,생활/리빙,8708,관악구 ,"서울특별시 관악구 보라매로3길 29, 3층",
ARGOLFACADEMY,문화/체육,7306,영등포구,서울 영등포구 경인로,"846, 6층 (영등포동,롯데백화점)"
서초하수구해빙소변기변기펌프세면대수리용접,건축/철물,6535,서초구 ,서울 서초구 사평대로55길,"126, 4층 A8호 (반포동)"
79파운야드 목동41타워점,음식점/식음료업,7997,양천구 ,"서울특별시 양천구 목동동로 293 (목동, 현대41타워)",
고고니 본점,음식점/식음료업,6367,강남구 ,"서울특별시 강남구 광평로56길 8-9 (수서동, 목화오피스텔)",
스프링복,음식점/식음료업,4337,용산구 ,서울특별시 용산구 소월로20길 28-1 (용산동2가),
휠러즈(WHEELERS),음식점/식음료업,2221,중랑구 ,서울 중랑구 면목로49길,"38, 1층 (면목동)"
삼성지게차,기타,7674,강서구 ,서울 강서구 까치산로,98 (화곡동)
The 샹뜨,생활/리빙,2058,중랑구 ,"서울특별시 중랑구 용마산로 616 (신내동, 새한아파트)",
제이와이정보통신(주),가전/통신,121806,기타   ,서울 마포구 노고산동,30-170
루마버텍스 레이노 팬텀 서대문점,자동차/주유,3693,서대문구,서울 서대문구 증가로,
치킨플러스(월계점),음식점/식음료업,1896,노원구 ,"서울특별시 노원구 석계로13길 35 (월계동, 세양청마루아파트)",
피자헛,음식점/식음료업,3479,은평구 ,서울특별시 은평구 가좌로 167(응암동),1층
뿌리깊은수학나무보습학원,입시/교습학원,5034,광진구 ,서울특별시 광진구 구의로16길 91 (구의동),1층 뿌리깊은수학나무 보습학원
연화어린이집,기술/기능 교육,2842,성북구 ,서울 성북구 개운사길,"60-46, 1층 (안암동5가,보타사)"
한서의원,보건/복지,7658,강서구 ,서울 강서구 화곡로,324 (화곡동)
와이에스 인터내셔널(YS International),의류/잡화,4794,성동구 ,"서울 성동구 아차산로 105, A동 4호 (성수동2가)",301호(좌측)
케이유세라믹,기타,5614,송파구 ,서울 송파구 백제고분로36길,"40, 1층 (석촌동,상명빌딩)"
당고개배드민턴장,문화/체육,1639,노원구 ,서울특별시 노원구 상계로 273,당고개배드민턴장
행복한한우돈,음식점/식음료업,2220,중랑구 ,서울 중랑구 면목로,365
맛나쥬's,음식점/식음료업,4556,중구   ,서울 중구 마른내로6길,
스튜디오(Studio)설렘 by 김민정,생활/리빙,5402,강동구 ,서울시 강동구 성안로3길 11,102호
기린카페,음식점/식음료업,2214,중랑구 ,서울특별시 중랑구 면목로44길 56,1층
열린논술,입시/교습학원,4701,성동구 ,서울특별시 성동구 왕십리로 390 (상왕십리동),
한우리국어논술학원,입시/교습학원,5784,송파구 ,서울특별시 송파구 동남로 202(가락동),
하얀집,의류/잡화,4386,용산구 ,서울 용산구 한강대로38길,"17, 1층 (한강로2가)"
(주)지엠씨앤엠(GM C&M),생활/리빙,4371,용산구 ,서울 용산구 새창로,"181, 21동 1068호 (한강로2가,선인상가)"
고려태권도장,기술/기능 교육,8657,금천구 ,서울특별시 금천구 탑골로 30 (시흥동),
이마트24 가양역점,식자재/유통,7526,강서구 ,서울특별시 강서구 양천로57길 10-11 이스타빌ll,1층
조은뮤직,기타,6690,서초구 ,서울특별시 서초구 청두곶길 12,2층
한우리보호작업장 (카페늘봄4호점 서초구민,음식점/식음료업,6749,서초구 ,서울특별시 서초구 강남대로 201 (양재동),1층
인왕산건강원,기타,3036,종로구 ,서울시 종로구 자하문로15길 19,
삼성세탁소,생활/리빙,4582,중구   ,"서울특별시 중구 퇴계로90길 74, 204호(등기상 1층 204호) (신당동, 래미안신당하이베르아파트단지내상가)",삼성세탁소
와이드코리아,식자재/유통,6034,강남구 ,서울 강남구 강남대로158길,"10, 4층 401호 (신사동)"
정관장(종암점),의류/잡화,2803,성북구 ,"서울특별시 성북구 종암로 113 (종암동, 국승호치과의원)",
염색하우스,생활/리빙,3955,마포구 ,서울시 마포구 방울내로7길 23,
육초연,음식점/식음료업,2454,동대문구,서울특별시 동대문구 회기로13길 24 (회기동),
메이드인지인MADE in Jiin,음식점/식음료업,3391,은평구 ,서울 은평구 통일로71길,
불암산배드민턴장,문화/체육,1793,노원구 ,서울특별시 노원구 중계로 36,불암산스포츠타운(불암산배드민턴장)
광호손세차장,자동차/주유,3653,서대문구,서울특별시 서대문구 연희로 266 (홍은동),1층
삼성바른의원,보건/복지,2531,동대문구,서울 동대문구 전농로,"134, 1층 (전농동)"
공차 아차산역점,음식점/식음료업,4954,광진구 ,서울 광진구 천호대로,
튀긴치킨 싫어서 구운치킨만 파는 집,음식점/식음료업,4012,마포구 ,서울특별시 마포구 동교로9길 57 (망원동),2층
피앤아이라이브(PNI LIVE),기타,7237,영등포구,서울 영등포구 국회대로,"780, 12층 5호 (여의도동,엘지여의도에클라트)"
에이원민턴 강동점,문화/체육,5350,강동구 ,서울특별시 강동구 천호대로 1199 (길동),
지앤헤어모드,생활/리빙,7356,영등포구,서울특별시 영등포구 영등포로84길 20 (신길동),1층
송동명의 풍선아트학원,예술 교육,7939,양천구 ,"서울특별시 양천구 국회대로 180, 4층 (신정동)",송동명의 풍선아트 학원
불닭발땡초동대문엽기떡볶이,음식점/식음료업,3735,서대문구,서울특별시 서대문구 경기대로 90 (냉천동),2층
청담안주랩,음식점/식음료업,3610,서대문구,"서울특별시 서대문구 홍은중앙로3길 9 (홍은동, 북한산두산위브)",
비젼케이,가전/통신,7997,양천구 ,서울 양천구 목동동로,"293 (목동,현대41타워1416-1)"
불량공주I,의류/잡화,4563,중구   ,서울특별시 중구 장충단로 263 (을지로6가),1층183호
앤드피스안경,의류/잡화,4419,용산구 ,"서울특별시 용산구 한남대로 60 (한남동, 금호리첸시아)",1층 앤드피스안경
태능삼호약국,보건/복지,1861,노원구 ,서울시 노원구 화랑로 425-47,1층(공릉동)
구스헤어,생활/리빙,7750,강서구 ,서울특별시 강서구 곰달래로 187(화곡동),1층
일등치과의원,보건/복지,4024,마포구 ,"서울특별시 마포구 월드컵로1길 14 (합정동, 마포 한강 푸르지오)",딜라이트스퀘어 208호
(주)장수상회,음식점/식음료업,6735,서초구 ,서울 서초구 남부순환로,"2581-5, 1층 (서초동,대호빌딩)"
현궁,음식점/식음료업,3152,종로구 ,"서울특별시 종로구 종로1길 42 (수송동, 이마빌딩)",이마빌딩 지하 1층
금란상회,식자재/유통,2571,동대문구,서울 동대문구 경동시장로,19-1 (제기동)
고덕더오름리드인학원,입시/교습학원,5227,강동구 ,서울특별시 강동구 동남로81길 60 (고덕동),JG빌딩 4층
디프디자인 스튜디오,기타,4703,성동구 ,서울 성동구 무학로,"50, 상가 2층 207호 (하왕십리동,벽산아파트)"
묘수 신당,음식점/식음료업,4585,중구   ,서울 중구 퇴계로78길,
쉐프엠 신정네거리점,식자재/유통,8082,양천구 ,서울특별시 양천구 중앙로 270 (신정동),
향나무세구루,음식점/식음료업,3053,종로구 ,서울시 종로구 삼청로 100(삼청동),향나무세구루
골라유 도시락,음식점/식음료업,3757,서대문구,서울 서대문구 신촌로37길,"11, 1층 (북아현동)"
힐바나,생활/리빙,1304,도봉구 ,서울특별시 도봉구 도봉산3길 73 (도봉동),
해피데이,식자재/유통,5117,광진구 ,"서울 광진구 광나루로54길 32,",1층  하나빌딩 (구의동)
한국플라워인더스트리,생활/리빙,6547,서초구 ,서울 서초구 반포대로 275 (반포동),르본시티5층6호)
진수성찬,음식점/식음료업,6074,강남구 ,서울시 강남구 학동로 81길5,진수성찬
로즈애플 강동롯데캐슬점,식자재/유통,5236,강동구 ,서울특별시 강동구 고덕로 133,
뮤잇,음식점/식음료업,6296,강남구 ,서울 강남구 논현로,"176, 1층 (도곡동)"
뉴보수센타,기타,4423,용산구 ,서울 용산구 이촌로,"245, 상가 C동 103호 (이촌동,로얄)"
스타방충망,의류/잡화,8508,금천구 ,서울 금천구 벚꽃로48길,"12-1, 옥탑 (가산동)"
결이고은 왕십리점,생활/리빙,4715,성동구 ,서울특별시 성동구 왕십리로 311 (행당동),
호지안B,의류/잡화,4567,중구   ,"서울특별시 중구 마장로 13, 지하층 93,94호 (신당동, 제일평화시장)",호지안B
동네방네 미용실,생활/리빙,7783,강서구 ,서울특별시 강서구 곰달래로 220 (화곡동),동네방네 미용실
한양사,건축/철물,2505,동대문구,서울시 동대문구 전농로 208,한양사
경창사우나,생활/리빙,7936,양천구 ,서울시 양천구 중앙로53길 65,"301,304(신월동,경창프라자)"
와꼬,음식점/식음료업,5117,광진구 ,서울특별시 광진구 구의강변로 90,2층(구의동)
자담치킨 도봉점,음식점/식음료업,1324,도봉구 ,서울특별시 도봉구 마들로28길 58 (도봉동),
노블한복,의류/잡화,8209,구로구 ,"서울특별시 구로구 경인로 638 (신도림동, 신도림에스케이뷰)",103동 110호
미드나잇포레스트,음식점/식음료업,4337,용산구 ,서울 용산구 소월로20길,"42, 지층 (용산동2가)"
트리테라,식자재/유통,8504,금천구 ,서울특별시 금천구 서부샛길 606 404호,트리테라
장안원룸텔,여행/숙박,2637,동대문구,서울 동대문구 답십리로72길,"36, 5층 (장안동)"
탕화쿵푸마라탕,음식점/식음료업,7294,영등포구,서울 영등포구 문래로,
동촌,음식점/식음료업,5376,강동구 ,서울시 강동구 풍성로 209(성내동),1층
타임치과교정과 치과의원,보건/복지,7803,강서구 ,서울특별시 강서구 공항대로 269-15 (마곡동),
미오(Mio),음식점/식음료업,5635,송파구 ,서울시 송파구 위례성대로12길 28,101호(방이동)
뚝배기 양평해장국 수유사거리점,음식점/식음료업,1113,강북구 ,서울특별시 강북구 도봉로 289 (수유동),1층
온도 센터원,음식점/식음료업,3190,종로구 ,"서울 종로구 삼일대로15길 21, 1층 (관철동)",미래에셋센터원 빌딩 지하1층 식탁애행복 10호 ONDO
전주식당,음식점/식음료업,2498,동대문구,서울특별시 동대문구 망우로18다길 44,
엘로사,의류/잡화,3056,종로구 ,"서울 종로구 계동길 89-1, 1층 (계동)",쿤스트 (Kunst)
뉴욕버거 마포공덕점,음식점/식음료업,4196,마포구 ,"서울특별시 마포구 백범로 212 (신공덕동, 대우월드마크마포)",
온앤영어교습소,입시/교습학원,4984,광진구 ,서울특별시 광진구 아차산로 499 (광장동),상가동 2층 7호 온앤영어교습소
PIU,음식점/식음료업,3040,종로구 ,서울시 종로구 자하문로7길 21,1층
락(樂),음식점/식음료업,6912,동작구 ,서울  동작구  상도동 683번지,
풍류,음식점/식음료업,3396,은평구 ,서울특별시 은평구 통일로 743 (대조동),2층 청담주막
장미원미용실,생활/리빙,1039,강북구 ,서울 강북구 삼양로 462 (수유동),장미원 머리방
24시아프리카동물메디컬센터,보건/복지,7590,강서구 ,서울시 강서구 공항대로335,
화로  숯불구이,음식점/식음료업,5530,송파구 ,서울특별시 송파구 올림픽로 553 (풍납동),화로구이
경동물산,기타,7427,영등포구,서울시 영등포구 도림로64길 9-1(대림동),경동물산
황태마을,음식점/식음료업,1326,도봉구 ,서울특별시 도봉구 도봉로164길 40 (도봉동),1층 황태마을
큰집닭강정,음식점/식음료업,1819,노원구 ,서울특별시 노원구 공릉로38길 6 (공릉동),
커피씨(COFFEE C),음식점/식음료업,6105,강남구 ,서울특별시 강남구 언주로129길 17 (논현동),1층
여기가좋겠네,음식점/식음료업,5406,강동구 ,서울시 강동구 양재대로89길 81,101호
휴. 정통지압원,기타,7237,영등포구,서울 영등포구 국회대로,"780, 305호 (여의도동,엘지에클라트오피스텔)"
나클린안마원,보건/복지,1330,도봉구 ,"서울  도봉구  도봉동 636-15,636-21  제3층  301",대상타운현대아파트 상가동 206호
가배장이(잠실점),음식점/식음료업,5510,송파구 ,"서울특별시 송파구 올림픽로 269 (신천동, 롯데캐슬골드)","2층(신천동,롯데캐슬골드)"
파파포,음식점/식음료업,4624,중구   ,서울특별시 중구 필동로 15-7 (필동2가),1층
예진종합건설,가구/인테리어,1125,강북구 ,"서울특별시 강북구 솔매로45길 52, 1층 (미아동)",예진종합공사
플라토닉 스튜디오&자이로토닉,기술/기능 교육,2197,중랑구 ,"서울 중랑구 면목로72길 20, 2층 201호 (면목동)",1층 101호
토종명품순대국,음식점/식음료업,5016,광진구 ,서울특별시 광진구 동일로24길 63 (화양동),1층
(주)청정해신선어,음식점/식음료업,5718,송파구 ,"서울특별시 송파구 송파대로28길 27(가락동, 송파성원쌍떼빌)",102동 207호
엔티에스 태권도 (창동 1호점),생활/리빙,1454,도봉구 ,서울특별시 도봉구 도봉로110나길 36 (창동),3층 NTS태권도(창동1호점)
박주희 콜렉션,의류/잡화,4799,성동구 ,서울특별시 성동구 동일로 137,1층
소라생선,식자재/유통,8705,관악구 ,서울시 관악구 관천로15길 100(신림동),소라생선
윤한의원,보건/복지,5091,광진구 ,서울특별시 광진구 뚝섬로 558 (자양동),
방화11종합사회복지관,보건/복지,7611,강서구 ,서울시 강서구 개화동로 21길4,방화11종합사회복지관
우노스,의류/잡화,4917,광진구 ,서울특별시 광진구 면목로 61 (중곡동),
행복한경희한의원,보건/복지,5519,송파구 ,서울특별시 송파구 풍성로25길 42 (풍납동),2층 행복한경희한의원
벨루스학원,입시/교습학원,8000,양천구 ,서울특별시 양천구 오목로 313-6 (목동),
민트,의류/잡화,4567,중구   ,"서울특별시 중구 마장로 13, 5층 10,46,47호 (신당동, 제일평화시장)",민트
그레이프트리스파크어학원,입시/교습학원,5301,강동구 ,서울특별시 강동구 명일로 271 (길동),"3,4층"
제일모형절단,식자재/유통,7371,영등포구,서울 영등포구 경인로76길,5 (문래동1가)
"어느 날,",문화/체육,5282,강동구 ,"서울특별시 강동구 천호대로219길 86 (상일동, 아주빌딩)",
렘브란트,의류/잡화,4055,마포구 ,"서울특별시 마포구 와우산로23길 9 (서교동, 칼리오페)",
유정,문화/체육,8767,관악구 ,서울특별시 관악구 난곡로65길 2,(신림동)
엠에스(MS)주방가구,가구/인테리어,8346,구로구 ,서울 구로구 개봉로15길,"46-21, 402호 (개봉동)"
한가람문구,의류/잡화,6545,서초구 ,서울특별시 서초구 신반포로 194 (반포동),고속버스터미널 지하1층
쎄시헤어,생활/리빙,3319,은평구 ,"서울특별시 은평구 갈현로29길 62 (갈현동, 코오롱하늘채아파트)","103호(갈현동,코오롱오투빌상가"
명신식당,음식점/식음료업,3073,종로구 ,서울시 종로구 창경궁로29길 37-1,명신식당
건강정원,기타,8311,구로구 ,서울특별시 구로구 구로동로22길 1 (구로동),1층 건강정원
장진희에스테틱,생활/리빙,8637,금천구 ,서울특별시 금천구 시흥대로 165 남서울 힐스테이트아파트  2단지상가  201호,장진희에스테틱
스시로로,음식점/식음료업,7013,동작구 ,서울 동작구 동작대로23길,29 (사당동)
강서8호점우리동네키움센터,기업/기관,7659,강서구 ,"서울특별시 강서구 화곡로54길 43 (화곡동, 강서금호어울림퍼스티어)",2층
예아어린이집,기술/기능 교육,1336,도봉구 ,서울 도봉구 마들로,"646, 1층 (방학동,삼성래미안 관리동)"
뚜레쥬르 카페응암점,음식점/식음료업,3454,은평구 ,서울 은평구 응암로 277,"102,103호(응암동,펠리시티)"
상명토탈ENG,가전/통신,2798,성북구 ,서울특별시 성북구 종암로24가길 53 종암 sk아파트105동1002호,상명토탈ENG
돌스앤(Dollsn),의류/잡화,4174,마포구 ,서울특별시 마포구 마포대로 38 (도화동),일신빌딩 9층 901호
매너커피,음식점/식음료업,4778,성동구 ,서울특별시 성동구 왕십리로4길 24 (성수동1가),
미담축산 미담푸드,기타,1399,도봉구 ,서울특별시 도봉구 노해로63다길 18 (창동),1층
수약국,보건/복지,8073,양천구 ,서울특별시 양천구 중앙로 247 (신정동),수약국
드림디포(대림),의류/잡화,7422,영등포구,서울시 영등포구 대림로 142,1층 101호
피자마루 (목동1호점),음식점/식음료업,8093,양천구 ,서울특별시 양천구 목동동로 63 (신정동),대영프라자 106호
정한컴,가전/통신,2784,성북구 ,"서울 성북구 한천로73길 33, 지하층  장한빌딩 (석관동)",
김희철 스시,음식점/식음료업,1170,강북구 ,서울시 강북구 솔매로 118-1,1층
쉬즈베이글금천구점,음식점/식음료업,8531,금천구 ,서울특별시 금천구 시흥대로 475 (독산동),
루시,의류/잡화,7306,영등포구,서울시 영등포구 경인로 846 지하도상가,25호
우성미터,의류/잡화,5655,송파구 ,서울 송파구 마천로11길,"3, 1층 (오금동)"
흥성치킨,음식점/식음료업,8769,관악구 ,서울특별시 관악구 조원로4길 36,
한우정육소 미아사거리점,음식점/식음료업,1211,강북구 ,서울특별시 강북구 숭인로 55-2 (미아동),1층
주식회사 한국바이오헬스케어,가전/통신,8512,금천구 ,"서울 금천구 디지털로9길 68, B204호 (가산동, 대륭포스트타워5차)",919호에이224
유부야 방학점,음식점/식음료업,1356,도봉구 ,서울특별시 도봉구 방학로10길 40 (방학동),
에스제이 피부힐링연구소,생활/리빙,2566,동대문구,서울 동대문구 왕산로,"122, 1602호 (용두동,한방천하용두동포스빌)"
(주)에이치에스리테일 목동점,식자재/유통,7946,양천구 ,서울특별시 양천구 목동중앙북로 7,상가동 101호
빈티지튤립,의류/잡화,8739,관악구 ,서울시 관악구 남부순환로231길 12,빈티지 튤립
법무법인 제이앤에프(J&F Law Firm),기타,7332,영등포구,서울 영등포구 국제금융로8길,"31, 9층 (여의도동)"
불만있는치킨,음식점/식음료업,4012,마포구 ,서울특별시 마포구 동교로9길 57 (망원동),2층
율플라워,생활/리빙,6284,강남구 ,서울 강남구 삼성로,212 (대치동)
은행나무 갈매기,음식점/식음료업,3639,서대문구,서울특별시 서대문구 통일로39길 23 (홍제동),
제일이용원,생활/리빙,7667,강서구 ,서울시 강서구 등촌로53길 13,(등촌동)
이마트24 태릉입구역점,식자재/유통,1860,노원구 ,서울특별시 노원구 화랑로 419-11,1층
찌웅이네 숯불두마리치킨 인피닛스퀘어점,음식점/식음료업,6611,서초구 ,서울특별시 서초구 사평대로58길 6 (서초동),지하2층 B201호
연남정,음식점/식음료업,3975,마포구 ,서울특별시 마포구 연남로 79 (연남동),
이파 필라테스(용두점),기술/기능 교육,2565,동대문구,서울특별시 동대문구 고산자로 406 (용두동),화성빌딩201~3 호
왕게수산,음식점/식음료업,4610,중구   ,서울특별시 중구 다산로 203-1 (신당동),
삼성photomount(P.M),의류/잡화,4384,용산구 ,서울특별시 용산구 녹사평대로11길 42 (서빙고동),삼성photomunt
젤로뷰티(jello beauty),생활/리빙,8758,관악구 ,서울 관악구 봉천로,"450, 4층 (봉천동,한도빌딩)"
글램핏,의류/잡화,6040,강남구 ,서울특별시 강남구 논현로149길 35 (논현동),동보빌딩 301호
스위트초이스(종로점),의류/잡화,3195,종로구 ,서울시 종로구 종로 지하 200(종로5가),"종오지하쇼핑센터 4,5호"
윤디자인가구,가구/인테리어,3457,은평구 ,서울시 은평구 응암로213-1,2층
악기모아,의류/잡화,6716,서초구 ,서울특별시 서초구 남부순환로323길 49 2층 악기모아,악기모아
BHC신방화사거리점,음식점/식음료업,7593,강서구 ,서울 강서구 양천로 126,1층
히포크라타헬스케어,식자재/유통,6519,서초구 ,서울 서초구 잠원로4길,"33-2, 4층 401호 (잠원동,잠원동 스타빌딩)"
황금당,의류/잡화,2432,동대문구,서울특별시 동대문구 휘경로 42(휘경동),
윤치과의원,보건/복지,1039,강북구 ,서울  강북구  수유2동 260번지  삼성아파트단지상가  2-209호,
삼성키즈소아청소년과의원,보건/복지,5117,광진구 ,서울특별시 광진구 아차산로 478 (구의동),그레이스빌딩 4층
토리키치논현점,음식점/식음료업,6531,서초구 ,서울특별시 서초구 신반포로47길 30 (잠원동),
두두플라워,생활/리빙,8778,관악구 ,"서울특별시 관악구 신림로 294, 2층 2호 (신림동)",
샘터028863333공인중개사사무소,부동산/임대,8729,관악구 ,"서울특별시 관악구 은천로25길 63 (봉천동, 한빛프라자)",
주식회사 해옥,음식점/식음료업,5650,송파구 ,서울특별시 송파구 동남로 460 (방이동),
예인음악교습소,예술 교육,8202,구로구 ,"서울특별시 구로구 신도림로 87 (신도림동, 신도림1차동아아파트)",
피자먹짜(PIZZA MUKZZA),음식점/식음료업,6126,강남구 ,서울 강남구 테헤란로25길,"50, 1층 102호 (역삼동)"
영일기획,디자인/인쇄,7246,영등포구,서울 영등포구 국회대로,650-1 (영등포동7가)
에스유투미술학원,예술 교육,4054,마포구 ,"서울특별시 마포구 와우산로 111 (서교동, 태화프라자 6층)",에스유투미술학원
피난처,의류/잡화,3053,종로구 ,"서울특별시 종로구 삼청로 106-9, 3층 (삼청동)",피난처
서울스마트치과의원,보건/복지,8584,금천구 ,서울시 금천구 두산로 70,현대지식산업센터 114호
(주)라프레즈인터내셔널,생활/리빙,6105,강남구 ,서울 강남구 학동로34길,"22, 5층 (논현동)"
21성형외과의원,보건/복지,6612,서초구 ,서울 서초구 강남대로,"441, 10층 (서초동)"
으뜸플러스안경 서울상봉점,의류/잡화,2086,중랑구 ,서울특별시 중랑구 망우로 377 (상봉동),
카페보리,음식점/식음료업,5792,송파구 ,서울특별시 송파구 충민로 184 (장지동),"지하1층   (장지동,  구립송파노인요양센터  지하1층)"
씨유 광화문광장점,식자재/유통,3183,종로구 ,서울특별시 종로구 새문안로,"103-1, (신문로1가)"
아키블럭,기타,7930,양천구 ,"서울특별시 양천구 월정로 47 (신월동, 미주팰리스)",A동 1층 102호
밀크밤 홍제본점,음식점/식음료업,3637,서대문구,서울특별시 서대문구 통일로39길 28,1층
올리비아로렌 신창점,의류/잡화,1473,도봉구 ,"서울시 도봉구 덕릉로 234-1, 1층(창동)",
카페 벨루어 (cafe vallure),음식점/식음료업,1177,강북구 ,서울특별시 강북구 도봉로23나길 2(미아동),
바른몸교정원,문화/체육,4595,중구   ,"서울특별시 중구 다산로 32 (신당동, 남산타운)",남산타운아파트상가2동 2층 208호
수경손만두,음식점/식음료업,8550,금천구 ,서울 금천구 문성로,"7, 1층 101호 (독산동)"
(주)코리아세븐 강서화곡진주점,식자재/유통,7782,강서구 ,서울특별시 강서구 곰달래로36길 17(화곡동),(주)코리아세븐 강서화곡진주점
바이크용,자동차/주유,2754,성북구 ,서울특별시 성북구 월계로 160-6 (장위동),지하층 6호
우리식당,음식점/식음료업,4801,성동구 ,서울특별시 성동구 광나루로9길 2 (송정동),지상1층
선정릉약국,보건/복지,6103,강남구 ,서울특별시 강남구 봉은사로 327 (논현동),궁도빌딩1층 선정릉약국
더블유스타일치과,보건/복지,6114,강남구 ,서울특별시 강남구 강남대로 526 (논현동),"미사랑빌딩 3,4,5층"
우렁식탁,음식점/식음료업,6609,서초구 ,서울특별시 서초구 사평대로52길 9-2 (서초동),1층
A+미술교습소,예술 교육,1373,도봉구 ,서울  도봉구  방학동 507-205,
영광슈퍼,식자재/유통,3719,서대문구,서울시 서대문구 연희로32길 20,
송원,음식점/식음료업,6280,강남구 ,서울특별시 강남구 남부순환로 2917(대치동),
참배움터학원,입시/교습학원,8024,양천구 ,서울 양천구 은행정로,"47-1, 2층 (신정동)"
생닭집,식자재/유통,8082,양천구 ,서울 양천구 중앙로34길,"26-6, 1층 (신정동)"
서울정&오치과의원,보건/복지,6952,동작구 ,서울시 동작구 상도로 99,
자금성,음식점/식음료업,6914,동작구 ,서울 동작구 만양로14다길,7 (노량진동)
강서3호점 우리동네키움센터,생활/리빙,7722,강서구 ,서울특별시 강서구 까치산로6길 49 (화곡동),1층 키움센터
태리헤어,생활/리빙,7388,영등포구,서울특별시 영등포구 신길로28길 9,"지하2층 46호(신길동, 힐스테이트 클래시안)"
다비치공방  번동점,기타,1229,강북구 ,"서울특별시 강북구 한천로105길 24 (번동, 번동2단지주공아파트)",7702동13호(번동)
돈암부동산공인중개사사무소,부동산/임대,2828,성북구 ,"서울특별시 성북구 북악산로 844 (돈암동, 돈암이수브라운스톤아파트)",상가동 B103
스태츠(stats),음식점/식음료업,8737,관악구 ,서울 관악구 관악로,"224-1, 1층 (봉천동)"
본동소바 돈가스,음식점/식음료업,8778,관악구 ,서울시 관악구 신림로 312,
장일셀프타운,자동차/주유,2012,중랑구 ,서울특별시 중랑구 중랑천로 234,장일셀프타운
네이처헤어,생활/리빙,1695,노원구 ,"서울특별시 노원구 노해로 491 (상계동, 중앙빌딩)",2층 201호
중앙미디어,생활/리빙,7904,양천구 ,서울특별시 양천구 화곡로4길 2,110호
주식회사 하품리빙랩,음식점/식음료업,6648,서초구 ,서울특별시 서초구 반포대로22길 39 (서초동),1층 하품 카페 교대점
펄,의류/잡화,6284,강남구 ,"서울특별시 강남구 삼성로 212 (대치동, 은마아파트)",은마상가B135
린네플라워,생활/리빙,6677,서초구 ,서울특별시 서초구 방배천로2안길 99 (방배동),101호
고봉당 혜화대학로점,음식점/식음료업,3078,종로구 ,서울특별시 종로구 대명1길 8 (명륜4가),
신우사,디자인/인쇄,6113,강남구 ,서울 강남구 학동로20길,16 (논현동)
발레숲무용학원,기술/기능 교육,3968,마포구 ,"서울 마포구 성미산로 29,",2층 (성산동)
필아트미술 길음뉴타운점,예술 교육,2720,성북구 ,"서울특별시 성북구 길음로 33 (길음동, 길음뉴타운8단지아파트) 801동~825동",811-2401
제이씨영어교습소,외국어/언어,8649,금천구 ,서울특별시 금천구 시흥대로 158 (시흥동),
바로글논술학원,입시/교습학원,2735,성북구 ,"서울특별시 성북구 동소문로 248 (길음동, 길음삼부컨버니언아파트) 101동~106동",
엘르뷰티,생활/리빙,6150,강남구 ,서울 강남구 테헤란로,"327, 5층 506호 (역삼동,빅토리아오피스텔)"
파스타정,음식점/식음료업,3330,은평구 ,서울특별시 은평구 연서로29길 30 (갈현동),1층 파스타정
농장사람들,식자재/유통,5237,강동구 ,서울특별시 강동구 고덕로 109 (암사동),농장사람들 (1층)
블루힐체형교정센터,기타,2197,중랑구 ,서울특별시 중랑구 겸재로 200 (면목동),2층
재단법인 노원교육복지재단(공릉태릉우성 아이휴센터),생활/리빙,1821,노원구 ,"서울특별시 노원구 노원로 29 (공릉동, 태능우성아파트)",1동 105호
강서6호점 우리동네키움센터,생활/리빙,7781,강서구 ,"서울특별시 강서구 강서로5길 50 (화곡동, 복지문화센터및공영주차장)",202호
아스터영어학원,외국어/언어,7004,동작구 ,서울특별시 동작구 사당로 219,4층
뉴욕스테이크 하우스,음식점/식음료업,6576,서초구 ,서울특별시 서초구 사평대로22길 37 (반포동),
에스이솔루션 (SE Solution),가전/통신,1483,도봉구 ,"서울특별시 도봉구 노해로62길 101, 1층 (창동)",에스이 솔루션(SE Solution)
서울아이사랑치과의원,보건/복지,7395,영등포구,서울특별시 영등포구 신길로 147 (신길동),3층
이마트24 상계벽산점,식자재/유통,1663,노원구 ,서울특별시 노원구 한글비석로 396,이마트24 상계벽산점
(주)보일랩스,보건/복지,8294,구로구 ,서울특별시 구로구 구로중앙로28길 35-9 (구로동),1층
GS25성동센터점,식자재/유통,4769,성동구 ,"서울특별시 성동구 왕십리로 89 (성수동1가, 성동구민종합체육쎈터)",1층
튼튼수학학원,입시/교습학원,7065,동작구 ,"서울특별시 동작구 여의대방로 22 (신대방동, 우성아파트)",
칠성공인중개사사무소,부동산/임대,7340,영등포구,서울특별시 영등포구 여의대방로 417 (여의도동),
누공삼,음식점/식음료업,4546,중구   ,서울 중구 을지로35길,"51-4, 5층 (주교동)"
복합공간 소소,부동산/임대,7354,영등포구,서울 영등포구 영등포로86길,4 (신길동)
마이송,의류/잡화,5026,광진구 ,"서울특별시 광진구 아차산로 345 (자양동, 래미안프리미어팰리스)",
구립꼬꼬마어린이집,생활/리빙,8847,관악구 ,서울시 관악구 호암로 399,삼성산주공@306-101(신림동)
뉴연세음악교습소,기술/기능 교육,7395,영등포구,"서울 영등포구 가마산로 442 ,",
해맑은옷수선,기타,5580,송파구 ,"서울특별시 송파구 백제고분로18길 26 (잠실동, 우성상가)",
우리동네키움센터 성북7호점,기업/기관,2723,성북구 ,"서울특별시 성북구 길음로 118 (길음동, e편한세상길음뉴타운4단지) 401동~426동",
크린토피아,생활/리빙,5314,강동구 ,서울특별시 강동구 양재대로 1571,
충남상회,식자재/유통,3628,서대문구,서울시 서대문구 홍제동 298-7,
블러썸,기타,4047,마포구 ,서울 마포구 양화로6길,"57, 3층 (서교동)"
귀빈노래연습장,문화/체육,8391,구로구 ,서울 구로구 디지털로32길,"97-22, 2층 (구로동,덕성빌딩)"
훈헤어,문화/체육,3363,은평구 ,서울  은평구  불광동 17  북한산힐스테이트3차단지내상가S동B3층104호,
폰친구,가전/통신,1849,노원구 ,서울특별시 노원구 동일로 1004 (공릉동),103호
노랑네일,생활/리빙,1401,도봉구 ,서울특별시 도봉구 도봉로 588 (창동),1층 6호
티키타카 테니스,문화/체육,2713,성북구 ,"서울특별시 성북구 서경로 124 (정릉동, 서경대학교)",
아이엠,기타,4591,중구   ,서울 중구 다산로22길,"23, 2층 (신당동)"
오층조은약국,보건/복지,5823,송파구 ,서울특별시 송파구 동남로 189(가락동),
자유인노래연습장,문화/체육,5302,강동구 ,서울 강동구 양재대로128길,"36, 지하1층 (길동,우창빌딩)"
(주) 세상의 끝,생활/리빙,6303,강남구 ,서울특별시 강남구 논현로 102 (개포동),"덕흥빌딩 4, 5, 6층"
더 오물오물,음식점/식음료업,5398,강동구 ,서울특별시 강동구 성내로 8-9(성내동),1층
스트로바일(stroubail),기타,2262,중랑구 ,"서울 중랑구 신내역로 111, 중랑창업지원센터 A동 616호 2호 (신내동)",107동 2004호
브이쿨,자동차/주유,3965,마포구 ,서울특별시 마포구 성산로4길 8 (성산동),1층
에스앤헤어  갤러리,생활/리빙,8715,관악구 ,서울  관악구  봉천9동 622-17  B,
(주)냐피,음식점/식음료업,4350,용산구 ,서울 용산구 이태원로,"187, 3층 (이태원동)"
샤넬의상실,의류/잡화,3195,종로구 ,서울특별시 종로구 창경궁로12길 32 (예지동),1층
무브업댄스,기술/기능 교육,3462,은평구 ,서울 은평구 은평로10길,
오오티디(OOTD),의류/잡화,6500,서초구 ,서울  서초구  반포동 163-1번지  225  도로  지하층  B-014호,B-14
멘텐(MENTEN),음식점/식음료업,4537,중구   ,서울 중구 삼일대로,"305, 1층 (충무로2가,동북빌딩)"
(주)스토어센터,디자인/인쇄,1161,강북구 ,서울 강북구 도봉로,"144, 4층 디-173호 (미아동)"
세븐일레븐 도곡센트레빌점,식자재/유통,6281,강남구 ,"서울특별시 강남구 선릉로 206 (대치동, 동부센트레빌)",114호
한일상사,식자재/유통,2571,동대문구,서울 동대문구 경동시장로,11 (제기동)
산돌사회적협동조합,음식점/식음료업,1342,도봉구 ,서울특별시 도봉구 방학로6길 20-9 (방학동),산돌사회적협동조합
대천분식,음식점/식음료업,6914,동작구 ,"서울특별시 동작구 만양로 84 (노량진동, 삼익주상복합아파트)",
서울박치과,보건/복지,3368,은평구 ,서울시 은평구 불광로 54,
남원추어탕,음식점/식음료업,1131,강북구 ,서울 강북구 도봉로76길,56 (미아동)
여나유치원,기술/기능 교육,6593,서초구 ,서울 서초구 서초중앙로,200(서초동)
카닥제이 외형복원,기타,8706,관악구 ,서울특별시 관악구 관천로24길 10,b-401
사랑방스튜디오  음악 연습실,기타,8759,관악구 ,"서울특별시 관악구 관천로12길 28-6 (신림동, 가윤)",가윤 지하 1층
하우스까페,음식점/식음료업,6801,서초구 ,서울 서초구 신흥안길,40-27 (내곡동)
드림정신건강의학과의원,보건/복지,4597,중구   ,서울 중구 동호로,"179, JYJ빌딩 1동 3층 (신당동)"
필라테스 더 밸런스 연남,기술/기능 교육,3984,마포구 ,"서울특별시 마포구 동교로29길 40 (연남동, 건수빌딩)",2층
태영,생활/리빙,6745,서초구 ,서울 서초구 양재동 바우뫼로41길,"31, 1동 305호 (양재동,도곡한신빌라)"
한성종합설비,건축/철물,1312,도봉구 ,"서울 도봉구 시루봉로23길 51,","401호 (도봉동, 오봉블루빌)"
주스 잉글리쉬,외국어/언어,2874,성북구 ,"서울특별시 성북구 보문사길 112 (보문동6가, 아남아파트)",
네일리모노,생활/리빙,4345,용산구 ,서울특별시 용산구 녹사평대로40가길 3-3 (이태원동),
띠앗룸,생활/리빙,8021,양천구 ,"서울특별시 양천구 오목로 212 (신정동, 목동중앙하이츠펠리시티)",203호
목동의지팡이리드인갈산초점학원,입시/교습학원,8101,양천구 ,"서울특별시 양천구 목동남로4길 81 (신정동, 목동2차삼성래미안아파트)",
별헤어샵,생활/리빙,7052,동작구 ,서울특별시 동작구 국사봉길 86 (상도동),별헤어샵
마임안경원,의류/잡화,3350,은평구 ,"서울특별시 은평구 연서로 246 (불광동, 타워크리닉)",103호
풍원축산유통,식자재/유통,4748,성동구 ,서울 성동구 고산자로24길,16 (마장동)
혜성축산,식자재/유통,7387,영등포구,서울특별시 영등포구 가마산로 459 (신길동),
환경개발(주),기타,3169,종로구 ,서울시 종로구 사직로 96,파크뷰타워 808호
도우리(GYMNASIUM),문화/체육,6072,강남구 ,서울 강남구 학동로97길,"42, 6층 (청담동,키즈빌딩)"
나무어린이집,기술/기능 교육,1422,도봉구 ,서울시 도봉구 노해로66길 21,103-106
(주)지오그래픽스디자인,기타,6227,강남구 ,서울 강남구 논현로72길,"23, 4층 (역삼동,옹정빌딩)"
썬스킨케어,생활/리빙,3630,서대문구,서울특별시 서대문구 홍제원3길 20 (홍제동),
구우움,음식점/식음료업,3737,서대문구,서울특별시 서대문구 경기대로 42 (충정로3가),
노비노비,기타,4050,마포구 ,서울 마포구 양화로,"156, 710호 (동교동,LG팰리스빌딩)"
핸드플러스,의류/잡화,6293,강남구 ,서울 강남구 남부순환로,"지하 2814, 지하2층 204호 (도곡동,도곡역 역사내 여성창업플라자)"
참짐,기술/기능 교육,6230,강남구 ,서울특별시 강남구 도곡로 229 (역삼동),오성빌딩 5층 참짐
심테니스,문화/체육,3992,마포구 ,서울특별시 마포구 동교로23길 32-22 (동교동),B1
곱분이곱창 오목교역점,음식점/식음료업,7999,양천구 ,서울특별시 양천구 오목로 331 (목동),1층 (목동)
우지커피독산역점,음식점/식음료업,8594,금천구 ,"서울특별시 금천구 가산디지털1로 1 (가산동, 더루벤스밸리)",
카페희원,음식점/식음료업,3132,종로구 ,서울특별시 종로구 삼일대로32길 22-4 (경운동),1층
서울이삭치과의원,보건/복지,5820,송파구 ,서울 송파구 동남로,213 (가락동)
2101584687,부동산/임대,2714,성북구 ,"서울특별시 성북구 길음로 103 (길음동, 대우상가)",
(주)벽진청과,식자재/유통,7644,강서구 ,서울 강서구 발산로,40 (외발산동)
만두바MANDOOBAR,음식점/식음료업,4048,마포구 ,"서울특별시 마포구 어울마당로 55-2 (서교동, 정웅빌딩)",2층
북촌손만두,음식점/식음료업,3461,은평구 ,"서울특별시 은평구 은평로 123 (응암동, 응암아네스트)",1층 102B호
지젤무용학원,기술/기능 교육,5698,송파구 ,"서울 송파구 송파대로 345, 헬리오시티상가 A동 5005호 (가락동, 헬리오시티)",5층
준월드,식자재/유통,2704,성북구 ,"서울특별시 성북구 보국문로 167 (정릉동, 산장아파트)",산장 아파트 상가 4호 5호 준월드
스윗로즈,기술/기능 교육,5671,송파구 ,서울 송파구 가락로,"214, 1동 4층 2호 (송파동,창우빌딩)"
타코멕스,음식점/식음료업,4550,중구   ,"서울특별시 중구 을지로14길 27 (초동, 지엠)",3층 타코멕스
룸2243(room2243),생활/리빙,4392,용산구 ,서울 용산구 녹사평대로26길,80-1 (이태원동)
블루밍 제이(Blooming J),생활/리빙,3996,마포구 ,서울특별시 마포구 성미산로 16 (성산동),
도나보나,의류/잡화,4075,마포구 ,서울특별시 마포구 와우산로 26 (상수동),201호
GS25 S9봉은사역점,식자재/유통,6170,강남구 ,서울 강남구 봉은사로,"지하 601, , 9호선봉은사역 내 (삼성동 111-8)"
와(WAAAH),음식점/식음료업,5407,강동구 ,"서울특별시 강동구 양재대로81길 61 (성내동, 올림픽파크플러스)",
우리동네 수선집,의류/잡화,8009,양천구 ,서울특별시 양천구 신목로6길 39,1층 11호 우리동네 수선집
자연낙지,음식점/식음료업,4805,성동구 ,서울특별시 성동구 용답중앙21길 1 (용답동),1층 (용답동)
올가드림뷰티 강일점,생활/리빙,5415,강동구 ,서울 강동구 아리수로93나길,
꽈대리옥수수꽈배기,음식점/식음료업,4611,중구   ,서울특별시 중구 퇴계로76길 62,1층
이마트24 대림점,식자재/유통,7420,영등포구,서울특별시 영등포구 디지털로 343,이마트24 대림점
만복국수 중랑구청점,음식점/식음료업,2068,중랑구 ,"서울특별시 중랑구 용마산로129나길 3 (신내동, 청기와타운)","104호, 105호"
명성설비,건축/철물,2785,성북구 ,서울 성북구 돌곶이로8길,45-13 (석관동)
반주,음식점/식음료업,4211,마포구 ,서울 마포구 마포대로,"156, 1층 113호 (공덕동,공덕푸르지오시티)"
윌로피엠SVC,의류/잡화,7787,강서구 ,서울 강서구 국회대로7길,"21, 803호 (화곡동,우영아파트)"
종로청춘플라워,생활/리빙,3189,종로구 ,서울 종로구 종로,"74, 지하층 4호 (종로2가,영안빌딩)"
하이퍼메디컬학사,여행/숙박,6130,강남구 ,서울 강남구 강남대로94길,"57, 3,4,5층 (역삼동,덕성빌딩)"
태원전기안전관리(주),기타,8086,양천구 ,서울 양천구 은행정로,"5, 204호 (신정동,에벤에셀프라자)"
디자인누리,가구/인테리어,6276,강남구 ,서울 강남구 선릉로,"225, 1층 124호 (도곡동,도곡렉슬)"
주식회사 오발탄,음식점/식음료업,6223,강남구 ,서울 강남구 논현로86길 12,(역삼동)
황금당,의류/잡화,4138,마포구 ,서울 마포구 백범로 135 (염리동),황금당2
88슈퍼,식자재/유통,8282,구로구 ,서울 구로구 구로동로35가길,"30, 1층 101호 (구로동)"
고향반찬,식자재/유통,8311,구로구 ,서울시 구로구 구로동로22길 17-5 (구로동),1층
뜰채,음식점/식음료업,7333,영등포구,서울 영등포구 여의대방로67길,"22, 1층 105호 (여의도동,태양빌딩)"
으뜸수학교습소,기술/기능 교육,6906,동작구 ,서울 동작구 매봉로,"134, 상가동 1층 112호,115호,116호 (본동,신동아아파트)"
라무진,음식점/식음료업,7304,영등포구,"서울특별시 영등포구 경인로 857-1, 1층 (영등포동3가)",라무진
민제이헤어(MIN. J HAIR),생활/리빙,3380,은평구 ,"서울특별시 은평구 서오릉로 30, 101동 비01호 (녹번동)",민제이헤어 ( MIN. J HAIR )
봉식이옛날왕만두,음식점/식음료업,4426,용산구 ,서울특별시 용산구 이촌로 264 (이촌동),상가동 103호
돈카와치,음식점/식음료업,2741,성북구 ,서울특별시 성북구 오패산로 98-23 (하월곡동),1층
서울모터스,자동차/주유,8639,금천구 ,서울특별시 금천구 시흥대로27길 4 서울모터스,서울 모터스
다빈치공방,기타,1749,노원구 ,"서울특별시 노원구 노원로16길 82 (하계동, 주공9단지아파트)",
씨유가산DK점,식자재/유통,8503,금천구 ,서울특별시 금천구 가산디지털2로 144 (가산동),1층 105호
코레일새싹어린이집,생활/리빙,8272,구로구 ,서울특별시 구로구 경인로20가길 24 (오류동),코레일오류동어린이집
복고다방 사가정역점,음식점/식음료업,2252,중랑구 ,서울특별시 중랑구 면목로 290(면목동),1층 복고다방 사가정역점
빛소리,디자인/인쇄,8774,관악구 ,서울특별시 관악구 신원로3길 60-3(신림동),1층
생각이나서,음식점/식음료업,6694,서초구 ,서울특별시 서초구 청두곶길 4(방배동),", 1층"
제이(J)스포츠,문화/체육,3493,은평구 ,서울 은평구 증산서길 61,증산초등학교 내 증산 스포츠 센터
에코산모사랑 강남점,보건/복지,6535,서초구 ,서울특별시 서초구 사평대로55길 126 (반포동),4층 비11호
엘앤케이홀딩스,기타,7305,영등포구,서울특별시 영등포구 문래로 180,1동 1601호
보현상사,생활/리빙,4528,중구   ,"서울특별시 중구 소월로 3 (남창동, 에티버스타워)",
카페홈즈,음식점/식음료업,7806,강서구 ,서울 강서구 공항대로 220,우성에스비타워 2차 114호 카페홈즈
10월의 브로우,생활/리빙,8277,구로구 ,서울특별시 구로구 개봉로23가길 30(개봉동),2층
서울마음치과,보건/복지,6921,동작구 ,"서울특별시 동작구 만양로 11 (상도동, 대화빌딩)",201호
마징가모터스,의류/잡화,1856,노원구 ,서울 노원구 동일로173가길,"109, 1층 (공릉동)"
별빛약국,보건/복지,6135,강남구 ,서울특별시 강남구 봉은사로 204(역삼동),
세븐스타코인노래연습장 마포구청역점,문화/체육,3938,마포구 ,서울 마포구 월드컵로,"196, 2층 202호 (성산동,대명비첸시티오피스텔)"
(주)모어그린,기타,4422,용산구 ,"서울 용산구 이촌로 223-13, 1층 303호 (이촌동, 농업기술진흥관)",31동 106-1호  '플로블랑'
하이연 네일,생활/리빙,3979,마포구 ,서울특별시 마포구 성미산로29길 35(연남동),
던킨 아현뉴타운점,음식점/식음료업,4130,마포구 ,서울특별시 마포구 마포대로 173-14 1층 109호,던킨 아현뉴타운점
천사곱창 이수점,음식점/식음료업,7008,동작구 ,서울특별시 동작구 동작대로27다길 29 (사당동),서광시티뷰 106호
할머니두부가게,식자재/유통,1480,도봉구 ,서울특별시 도봉구 덕릉로60길 169 (창동),
119열쇠,의류/잡화,6116,강남구 ,서울 강남구 학동로26길,"79, 102호 (논현동)"
타이24,생활/리빙,6577,서초구 ,서울 서초구 서래로6길,"4, 401호 (반포동,가나빌딩)"
와글와글베이크샵,음식점/식음료업,4564,중구   ,"서울특별시 중구 을지로 245 (을지로6가, 국립중앙의료원)",
6764201219,기타,1092,강북구 ,서울특별시 강북구 인수봉로 178-1 (수유동),
TOP용인대박사태권도,생활/리빙,8599,금천구 ,"서울특별시 금천구 한내로 62 (독산동, 한신아파트)","3090,3100호 (독산동,한신아파트)"
더고은,생활/리빙,1662,노원구 ,서울 노원구 덕릉로83길,"9-7, 102동 401호 (중계동,중계한화꿈에그린 The FIRST아파트)"
키야네일,생활/리빙,7435,영등포구,서울 영등포구 대방천로,"184-1, 1층 (신길동,무지개빌딩)"
향촌,음식점/식음료업,3739,서대문구,서울특별시 서대문구 충정로6안길 6-4 (미근동),향촌
홍선생치과교정과치과의원,보건/복지,3330,은평구 ,서울특별시 은평구 통일로 869 (갈현동),2층
성모가정의원,보건/복지,7423,영등포구,서울 영등포구 도림로,"190, 2층 (대림동)"
청자매운소돼지갈비찜,음식점/식음료업,6035,강남구 ,서울 강남구 강남대로154길 12 (신사동),지하 1층
점심뷔페 저녁포차,음식점/식음료업,4546,중구   ,서울특별시 중구 창경궁로8길 2-1(주교동),점심부페 저녁포차
보물 담은 가게,생활/리빙,5838,송파구 ,서울특별시 송파구 충민로 66 (문정동),5층 L-5053호
플랜A학원,입시/교습학원,3968,마포구 ,서울특별시 마포구 성미산로 43 (성산동),201호 401호
할리스커피 보라매역점,음식점/식음료업,7392,영등포구,"서울특별시 영등포구 여의대방로 145, 1층 (신길동, 세인트빌딩)",할리스커피 보라매역점
이수부동산(922-4600)단지내공인중개사사무소,부동산/임대,2828,성북구 ,"서울특별시 성북구 북악산로 844 (돈암동, 브라운스톤돈암아파트)",
카페이이키,음식점/식음료업,4052,마포구 ,서울 마포구 와우산로29길,"4-15, 1층 (서교동)"
홀릭 사주타로,기타,4391,용산구 ,서울 용산구 이태원로26길,"16, 2층 (이태원동)"
세븐일레븐 청담제일점,식자재/유통,6075,강남구 ,서울 강남구 영동대로 726,"(청담동, 경일빌딩)"
(주)라운드컴퍼니,의류/잡화,6576,서초구 ,서울특별시 서초구 사평대로22길 33,(반포동)
애프터글로우(after glow),생활/리빙,7807,강서구 ,서울특별시 강서구 마곡중앙1로 20(마곡동),m 시그니처 타워 320호
오레가노,기타,3385,은평구 ,서울 은평구 연서로26길,"35, 1층 우측호 (대조동)"
서울식물원,기타,7789,강서구 ,"서울특별시 강서구 마곡동로 161 (마곡동, 서울식물원)",식물문화센터
(주)코리아세븐 신월하나점,식자재/유통,8039,양천구 ,서울특별시 양천구 남부순환로66길 17 (신월동),(롯데택배) 세븐일레븐 신월우성점
라고남성커트전문,생활/리빙,5389,강동구 ,서울 강동구 성안로,"87, 1층 101호 (성내동)"
홍콩반점 구로디지털단지역점,음식점/식음료업,8391,구로구 ,서울특별시 구로구 디지털로32길 97-6 (구로동),2층 홍콩반점
나우커피,기타,1803,노원구 ,서울특별시 노원구 공릉로 116 나우커피,나우커피
다이스,생활/리빙,2754,성북구 ,"서울특별시 성북구 돌곶이로41가길 14-12(장위동, 이안빌)",B층 1호
신촌찌개집,음식점/식음료업,4611,중구   ,서울특별시 중구 퇴계로 384-1(신당동),
원세컨드,생활/리빙,6177,강남구 ,서울특별시 강남구 영동대로 342 덕유빌딩 지하1층 원세컨드,원세컨드（1second）
아모레 카운셀러,생활/리빙,6645,서초구 ,서울특별시 서초구 서초대로50길 18 (서초동) 3층,빌딩 및 상가 內
햇살머믄 꼬마김밥,음식점/식음료업,1914,노원구 ,서울특별시 노원구 화랑로45길 42(월계동),1층 햇살머믄꼬마김밥
"오늘, 동안",생활/리빙,5105,광진구 ,서울특별시 광진구 자양로3길 61 (자양동),1층
종로엠스쿨중계학원독서실,입시/교습학원,1763,노원구 ,"서울특별시 노원구 동일로 1373 (상계동, 우리은행)",
안녕네모,기타,4426,용산구 ,"서울특별시 용산구 이촌로 248 (이촌동, 한강맨션)",31동 107호
포레온에꼴드에땅 미술교습소,기술/기능 교육,5410,강동구 ,서울 강동구 양재대로,
세계이동통신,가전/통신,1857,노원구 ,서울특별시 노원구 동일로 1041 (공릉동),1층  이동통신
타임(TIME),음식점/식음료업,7401,영등포구,서울특별시 영등포구 대림로34길 25-1(대림동),타임(TIME)
포스축구아카데미,기술/기능 교육,7429,영등포구,서울특별시 영등포구 디지털로 401(대림동),
오앤디,생활/리빙,8072,양천구 ,"서울특별시 양천구 중앙로43길 14(신정동, 래미안 목동아델리체)",상가 111동 1층 105호
석전농산,식자재/유통,1015,강북구 ,서울특별시 강북구 인수봉로77길 11 삼일농산,삼일농산
꽃돌이 푸줏간,식자재/유통,5564,송파구 ,서울 송파구 석촌호수로 84,
네온,의류/잡화,4529,중구   ,서울 중구 남대문시장4길,"9, 지하1층 46,47,48호 (남창동,78호 남대문대도종합상가)"
아나파한방병원,보건/복지,8227,구로구 ,서울 구로구 중앙로1길,"18-18, 2층 (고척동,신원프라자)"
지앤샵,의류/잡화,5804,송파구 ,서울 송파구 동남로8길,"6, A동 502호 (문정동,청송하이츠빌)"
아삭아이스,식자재/유통,6802,서초구 ,서울 서초구 청계산로,"189, 1층 110호 (신원동)"
서울힐링의원,보건/복지,3130,종로구 ,서울 종로구 종로,"193, 5층 (종로4가,세진빌딩)"
뽀빠이치킨,음식점/식음료업,4729,성동구 ,서울특별시 성동구 금호산2길 25,뽀빠이치킨
락만두,음식점/식음료업,3964,마포구 ,서울 마포구 월드컵로25길,"48, 1층 104호 (망원동)"
양평칼국수 장위점,음식점/식음료업,2758,성북구 ,서울특별시 성북구 한천로99길 64 (장위동),1층
더림스피아노음악교습소,예술 교육,8842,관악구 ,서울특별시 관악구 문성로28길 4 (신림동),1층
레탑 프랑스,기타,3994,마포구 ,서울특별시 마포구 양화로 183,"2층 206호(동교동, 효성홍익인간오피스텔)"
하디헤어,생활/리빙,7791,강서구 ,서울특별시 강서구 마곡동로10길 46(마곡동),
씨유(CU) 독산소비자점,식자재/유통,8616,금천구 ,서울특별시 금천구 시흥대로104길 20,.
더벤티 상암DMC역점,음식점/식음료업,3927,마포구 ,서울특별시 마포구 성암로 207,1층
유민커피,음식점/식음료업,1477,도봉구 ,서울특별시 도봉구 덕릉로 214,
자하선인식,식자재/유통,2812,성북구 ,"서울특별시 성북구 정릉로8길 67 (정릉동, 1층상가)",
그린세이프,의류/잡화,4541,중구   ,서울 중구 삼일대로,"363, 810호 (장교동,장교빌딩)"
GS25 석촌럭키점,식자재/유통,5622,송파구 ,서울 송파구 백제고분로41길,"28, 1층 (송파동 27-8)"
명성체육관,생활/리빙,3303,은평구 ,"서울특별시 은평구 진관4로 78-8 (진관동, 은평뉴타운상림마을) 701동",명성체육관 진관점
나우올네버(now oR never),음식점/식음료업,4012,마포구 ,서울 마포구 월드컵로19길,"15, 지1층 B01호 (망원동)"
예스미르치과의원,보건/복지,5203,강동구 ,"서울특별시 강동구 고덕비즈밸리로 26 (고덕동, 강동U1센터)",A동 2층 예스미르치과
하이영어교습소,입시/교습학원,1820,노원구 ,"서울특별시 노원구 공릉로34길 62 (공릉동, 태강아파트) 1001동~1021동,상가",상가 206호
말랑그루밍,기타,7340,영등포구,서울특별시 영등포구 여의대방로 417 (여의도동),
녹십자의원,보건/복지,3397,은평구 ,서울 은평구 통일로,"719, 2층 (대조동)"
방이돈가,음식점/식음료업,5549,송파구 ,서울특별시 송파구 오금로15길 4 (방이동),1층 한림돈가 방이점
봄애,기타,4108,마포구 ,서울 마포구 백범로,"23, 지하1층 (신수동)"
(주)석원여행,여행/숙박,8023,양천구 ,서울 양천구 신월로,"389, 2층 203호 (신정동,남부빌딩)"
청색,디자인/인쇄,4074,마포구 ,서울 마포구 와우산로3안길,"49-8, 1층 (당인동)"
뜨인돌출판 주식회사,문화/체육,4047,마포구 ,서울 마포구 독막로3길,30 (서교동)
프린스전자,가전/통신,4352,용산구 ,서울 용산구 한강대로84길,"6, 4층 (남영동)"
삼호여인숙,여행/숙박,7312,영등포구,서울 영등포구 신길로,250-1 (영등포동)
쿠찌헤어,생활/리빙,1489,도봉구 ,서울특별시 도봉구 덕릉로 398,상가동 1층 104호
엘리즈필라테스,문화/체육,3175,종로구 ,서울특별시 종로구 경희궁2길 6,
미가촌,음식점/식음료업,3486,은평구 ,"서울시 은평구 수색로24길 26,",1층
COIN,음식점/식음료업,4536,중구   ,서울시 중구 명동6길 10,스텝빌딩 3층
와인갤러리  신림점,식자재/유통,8776,관악구 ,서울특별시 관악구 남부순환로 1592 (신림동),1층 와인갤러리 신림점
씨유신설베르빌점,식자재/유통,2582,동대문구,서울특별시 동대문구 천호대로,"23, 베르빌오피스텔  (신설동) 1층"
우리쌀농산,식자재/유통,2820,성북구 ,서울시 성북구 아리랑로19길 25,우리쌀농산
디에이롭,생활/리빙,6785,서초구 ,서울특별시 서초구 강남대로10길 59 (양재동),
미끼,의류/잡화,4124,마포구 ,서울 마포구 대흥로24바길 24 (염리동),홍대미끼
본솔커피(연희점),음식점/식음료업,3695,서대문구,서울특별시 서대문구 증가로 82 (연희동),
포본 Pho Bon(양재점),음식점/식음료업,6752,서초구 ,서울시 서초구 강남대로27길 7-21,102호
호연면옥,음식점/식음료업,6744,서초구 ,"서울 서초구 강남대로 156-5, 1층 (양재동, 창우빌딩)","동네,그집"
데일리마트,음식점/식음료업,8378,구로구 ,서울 구로구 구로동,182-13번지 대륭포스트II지하1층 125
(주)우드버리,생활/리빙,6014,강남구 ,서울 강남구 도산대로55길,"20, 3층 (청담동)"
피자마루 해방촌점,음식점/식음료업,4337,용산구 ,서울 용산구 소월로20길 36,2 층 피자마루 해방촌점
하마학습코칭학원,입시/교습학원,4724,성동구 ,서울특별시 성동구 장터길 23(금호동3가),3층(세도빌딩)
한도청과,식자재/유통,2572,동대문구,"서울특별시 동대문구 왕산로33길 5 , 한도상사4(제기동)",한도청과
카이수학학원,입시/교습학원,1711,노원구 ,서울특별시 노원구 한글비석로 325 (중계동),303호(중계동)
레더원,기술/기능 교육,3707,서대문구,서울  서대문구  연희로11가길  5 지층1호(연희동),1층 103호
잇바디 휘트니스,문화/체육,3730,서대문구,"서울특별시 서대문구 통일로 397(홍제동, 인왕산 한신휴플러스)",상가2층
JS유통,식자재/유통,7040,동작구 ,서울 동작구 상도로60길,"20, 102동 105호 (상도동,대림아파트)"
EIP정보통신,가전/통신,7638,강서구 ,서울 강서구 강서로47다길,"12, 1층 (내발산동)"
누리스포츠,문화/체육,3423,은평구 ,서울 은평구 은평로3가길,"17, 102호 (신사동)"
키즈캠프,의류/잡화,4529,중구   ,서울특별시 중구 남대문시장8길 16 (남창동),포키아동복135호
주식회사 티케이에듀,입시/교습학원,7433,영등포구,서울특별시 영등포구 여의대방로 95 (신길동),
춘천막국수,음식점/식음료업,4546,중구   ,서울특별시 중구 동호로37길 33-17 (주교동),
란스킨케어,생활/리빙,7071,동작구 ,서울 동작구 보라매로5가길,"7, 1101호 (신대방동,캐릭터그린빌)"
퓨전포차,음식점/식음료업,1459,도봉구 ,"서울 도봉구 도봉로106길 23, 2동 103호 (창동, 북한산현대홈시티)",201동 103호 퓨전포차
미디어버스,디자인/인쇄,3035,종로구 ,"서울 종로구 자하문로19길 25, 지층 (옥인동)",201호
하우스 안경 콘텍트,의류/잡화,2845,성북구 ,서울특별시 성북구 동소문로20가길 12 (동선동1가),
탁사발 두부공방 송파역점,음식점/식음료업,5678,송파구 ,서울특별시 송파구 송파대로36가길 5 (송파동),1층
미켈란젤로미술학원,예술 교육,7586,강서구 ,"서울시 강서구 공항대로41길 65, 407호",
씨엔케이,생활/리빙,4781,성동구 ,서울 성동구 성수일로4길,"25, 1903호 (성수동2가,서울숲코오롱디지털타워)"
알파 금천구청점,의류/잡화,8608,금천구 ,"서울특별시 금천구 벚꽃로 30 (독산동, 금천롯데캐슬골드파크2차)",상가 205동233호
153헤어샵,생활/리빙,7510,강서구 ,"서울시 강서구 금낭화로145, 2층",153헤어샵
영렘브란트서초센터학원,예술 교육,6624,서초구 ,"서울특별시 서초구 사임당로 151 (서초동, 대한무지개종합상가)",3층 영렘브란트미술학원
벤티프레소 숭례문점,음식점/식음료업,4512,중구   ,"서울특별시 중구 세종대로 17 (남대문로5가, 그레이츠숭례)",B10호 벤티프레소 숭례문점
현대마트,식자재/유통,8562,금천구 ,서울특별시 금천구 독산로64길 20,상가 내
법무사김태준사무소,기타,5854,송파구 ,서울시 송파구 법원로 114(문정동),엠스테이트 B동 315호 김태준법무
벨프레시푸드(주),음식점/식음료업,3742,서대문구,"서울특별시 서대문구 충정로 8 (충정로3가, 종근당빌딩)",
맛집부추곱창,음식점/식음료업,6693,서초구 ,서울특별시 서초구 방배천로2길 37 (방배동),
주식회사 대광한우,식자재/유통,4752,성동구 ,서울특별시 성동구 마장로37길 59 (마장동),
대학로발레학원,기술/기능 교육,3077,종로구 ,"서울특별시 종로구 대학로 149 (혜화동, 유니로드)",
더네스트F45수유,문화/체육,1073,강북구 ,"서울특별시 강북구 도봉로 323 (수유동, 용신빌딩)",
주월드스포츠가인볼링센터,문화/체육,5354,강동구 ,"서울특별시 강동구 양재대로113길 51 (길동, 우성아트빌)",
수라원,입시/교습학원,6932,동작구 ,서울특별시 동작구 등용로14길 30 ㅣ층105호,수라원
아모레카운셀러,생활/리빙,2633,동대문구,서울 동대문구 천호대로 369 (장안동),빌딩 및 상가 內
힘찬갯벌낙지,음식점/식음료업,4919,광진구 ,서울특별시 광진구 능동로37길 6 (중곡동),1층
개미식당,음식점/식음료업,4710,성동구 ,서울특별시 성동구 왕십리로 375-1 (하왕십리동),개미식당
1981.봄,음식점/식음료업,2238,중랑구 ,서울특별시 중랑구 면목로39길 8 (면목동),1층
비비큐참숯바베큐,음식점/식음료업,8523,금천구 ,서울시 금천구 시흥대로123길 24,1층
처갓집 양념치킨 하계점,음식점/식음료업,1808,노원구 ,"서울특별시 노원구 공릉로58길 176 (하계동, 우방아파트)",
고려홍삼,식자재/유통,3321,은평구 ,서울 은평구 갈현로33길,"3, 1층 (갈현동)"
(주)다이아몬드엔터프라이즈,식자재/유통,6058,강남구 ,서울 강남구 언주로,"720,3층(논현동,학수빌딩)"
김기창안과의원,보건/복지,3397,은평구 ,서울 은평구 대조동,14-1번지
부라더미싱대리점,의류/잡화,8744,관악구 ,서울 관악구 은천로,168 (봉천동)
피오니아,기타,7655,강서구 ,"서울특별시 강서구 공항대로48길 12 (화곡동, 화곡보람아파트)",
하이컴퍼니,기타,2845,성북구 ,서울특별시 성북구 동소문로22길 19 (동선동1가),4층(동선동1가)
올리브통의원,보건/복지,7960,양천구 ,"서울특별시 양천구 목동중앙본로7길 45 (목동, 목동보미리즌빌)",204
(주)릴라릴라 역삼점,의류/잡화,6219,강남구 ,서울특별시 강남구 언주로 314 (역삼동),강남프라자 104호
꼬마친구어린이집,생활/리빙,2075,중랑구 ,서울시 중랑구 봉화산로 130,1304동 104호
스시미가쿠,음식점/식음료업,3980,마포구 ,"서울특별시 마포구 동교로51길 69 (연남동, 아이에프비씨)",1층 스시미가쿠
(주) 커피팩토리쏘,음식점/식음료업,7355,영등포구,서울특별시 영등포구 여의대방로51길 22 (신길동),2층 커피팩토리쏘 무역점
라피네,의류/잡화,7331,영등포구,서울시 영등포구 국제금융로6길 33,맨하탄빌딩 2층
엘리스헤어,생활/리빙,7423,영등포구,서울특별시 영등포구 대림로22길 37 (대림동),앨리스헤어
어반파크헤어 이촌점,생활/리빙,4385,용산구 ,서울시 용산구 서빙고로 69,"106동 지하1층 10호(용산동5가, 파크타워)"
아트앤하트 문래미술학원,예술 교육,7294,영등포구,서울특별시 영등포구 문래로 89 (문래동3가),101동1503호
숙이네 명품관,의류/잡화,7442,영등포구,서울 영등포구 대림동,975-22번지
토탈사운드,기타,4315,용산구 ,"서울 용산구 청파로 213, 1층 111호 (문배동, 이안용산프리미어)","가-115호(한강로2가, 나진상가 19동)"
건강한피부연구소,생활/리빙,7806,강서구 ,서울 강서구 마곡중앙2로,"35, 7층 706호 (마곡동,이너매스마곡II)"
두꺼비식당,음식점/식음료업,8333,구로구 ,서울 구로구 개봉로12길,15 (개봉동)
우진스텐레스,건축/철물,7299,영등포구,서울 영등포구 도림로,418 (문래동3가)
연희산부인과의원,보건/복지,8269,구로구 ,서울 구로구 경인로,"193, 3층 (오류동,상임빌딩)"
룩전자담배,기타,6153,강남구 ,"서울특별시 강남구 봉은사로 420, 102호 (삼성동)",룩전자담배
돈가야우가야,음식점/식음료업,5537,송파구 ,서울시 송파구 올림픽로47길 23,돈가야우가야
바르다김선생 (오목교역점),음식점/식음료업,7999,양천구 ,"서울특별시 양천구 오목로 345,","1층 101호 (목동, 목동 슬로우스퀘어)"
케이원 당구클럽,문화/체육,2842,성북구 ,서울 성북구 개운사길,"27, 301호 (안암동5가,원영스위트)"
베이비 몽드,의류/잡화,5116,광진구 ,서울 광진구 광나루로56길,"85, 판매동 7층 B-078호 (구의동,테크노마트21)"
리틀다빈치 미술교습소,기술/기능 교육,3441,은평구 ,"서울 은평구 가좌로 281,",
네일더뽀얀,생활/리빙,6018,강남구 ,"서울특별시 강남구 선릉로157길 27, 3층 (신사동)",네일 더 뽀얀
신통방통의원,보건/복지,8235,구로구 ,서울 구로구 고척로,"144, 601호 (고척동,두발로빌딩)"
연세아동치료연구소,기타,6675,서초구 ,서울 서초구 서초대로,"24, 2층 (방배동,새한빌딩)"
카프라이즈,자동차/주유,7939,양천구 ,서울 양천구 국회대로,196 (신정동)
덴탈 숲,보건/복지,4371,용산구 ,서울 용산구 새창로,"181, 21동 1층 E01호 (한강로2가,선인상가)"
(주)나랏말교육,기술/기능 교육,5599,송파구 ,서울 송파구 백제고분로21길,"27, 4층 401호 (삼전동)"
베러댄,의류/잡화,2211,중랑구 ,서울 중랑구 면목로44라길,"48, 지층 (면목동)"
네일뭐해?,생활/리빙,3675,서대문구,서울 서대문구 가좌로,"111, 1층 101호 디에이원파크오피스텔 101호 (홍은동,디에이원파크)"
드림특수조명,건축/철물,4544,중구   ,서울 중구 을지로,"153-21, 1층 (산림동)"
으뜸플러스 잠원점,의류/잡화,6511,서초구 ,서울특별시 서초구 잠원로 69 (잠원동),
티앤제이오피스,가구/인테리어,8504,금천구 ,서울 금천구 서부샛길,"606, B동 3층 327호 (가산동,대성디폴리스지식산업센터)"
팬덤어스 밀탑,음식점/식음료업,4389,용산구 ,서울 용산구 한강대로14길,"6, 1층 101호 (한강로3가)"
텐트 커피,음식점/식음료업,4100,마포구 ,서울 마포구 서강로,122 (노고산동)
이화,가구/인테리어,8774,관악구 ,서울시 관악구 관천로 41(신림동),
즉석순두부,식자재/유통,1194,강북구 ,서울특별시 강북구 솔샘로 242 (미아동),1층
(주)황금들,식자재/유통,2586,동대문구,서울 동대문구 난계로,"244, 105호 (신설동)"
새시대정육점,식자재/유통,7922,양천구 ,서울시 양천구 월정로29길 11,(신월동)
아티제이,생활/리빙,7733,강서구 ,서울특별시 강서구 등촌로13길 82 (화곡동),1층 상가 아티제이플라워
공임나라,기타,1426,도봉구 ,서울특별시 도봉구 해등로 131 (창동),1층
아이스크림 할인점,식자재/유통,7716,강서구 ,서울특별시 강서구 화곡로24길 47 (화곡동),1층
코리아 탑클래스 태권도,생활/리빙,8357,구로구 ,"서울특별시 구로구 서해안로 2293, 204호 (오류동, 리더원빌딩)",코리아 탑클래스 태권도
소양식탁,음식점/식음료업,5636,송파구 ,서울특별시 송파구 위례성대로12길 10 (방이동),
담다디포차,음식점/식음료업,8039,양천구 ,"서울특별시 양천구 남부순환로70길 20-10 (신월동, 금강빌라트)",1층 101호
보스,음식점/식음료업,3789,서대문구,"서울특별시 서대문구 연세로7길 25, 2층 (창천동)",보스
왁 도산점,문화/체육,6024,강남구 ,서울 강남구 언주로,"813, 1층 2층 (신사동)"
속옷이불할인마트,의류/잡화,4949,광진구 ,서울특별시 광진구 용마산로 44 (중곡동),
오늘은즉떡,음식점/식음료업,3173,종로구 ,서울특별시 종로구 새문안로5길 37,
비비드 스파,생활/리빙,6237,강남구 ,서울 강남구 논현로85길,"5-7, 2층 201호 (역삼동)"
한식포차,음식점/식음료업,6156,강남구 ,서울특별시 강남구 삼성로103길 11 (삼성동),1층101호
테바,음식점/식음료업,4206,마포구 ,"서울특별시 마포구 마포대로 204 (아현동, 마포에스케이허브블루)",
다온필라테스 장안점,기술/기능 교육,2635,동대문구,서울특별시 동대문구 천호대로79길 29 (장안동),3층
코너스,음식점/식음료업,5668,송파구 ,서울특별시 송파구 가락로 139 (송파동),103호
법률사무소 밝은내일(변호사 권신애법률사무소),기타,8306,구로구 ,서울 구로구 가마산로,"244, 4층 (구로동,동헌빌딩)"
로케트 델코밧데리,자동차/주유,8356,구로구 ,서울 구로구 경인로,"98, 1층 (오류동)"
엔에프에어(주),기타,7618,강서구 ,서울 강서구 공항대로,49-2 (공항동)
유니포니,의류/잡화,6126,강남구 ,서울 강남구 논현로,"537, 2층 215호 (역삼동,명뷰티프라자빌딩)"
노랑통닭 암사점,음식점/식음료업,5262,강동구 ,서울 강동구 암사길,"2, 1층 (암사동)"
내셔널지오그래픽 두타,의류/잡화,4563,중구   ,서울특별시 중구 장충단로 275(을지로6가),B1층 5호
고기다,음식점/식음료업,4793,성동구 ,서울특별시 성동구 성수일로12길 20 (성수동2가),102호
크린토피아 전농SK,생활/리빙,2532,동대문구,"서울특별시 동대문구 사가정로 148, 138동 205호 (전농동, 전농SK아파트 주상가)",
연탄가게,기타,3110,종로구 ,서울특별시 종로구 종로63가길 62 (숭인동),1층
드림카페,음식점/식음료업,4551,중구   ,서울특별시 중구 마른내로11-4,1층
좋은수 수학교습소,입시/교습학원,7651,강서구 ,"서울특별시 강서구 강서로 348 (내발산동, 우장산힐스테이트)",상가2동 108호
칸타빌레,의류/잡화,3964,마포구 ,서울시 마포구 월드컵로25길 58,칸타빌레
강서 양천콜,기타,7917,양천구 ,서울 양천구 가로공원로66길,"6, 205호 (신월동,동원빌라)"
케이피(KPEE)필라테스,기술/기능 교육,2855,성북구 ,서울 성북구 인촌로24길,"58-5, 6층 (안암동5가,고려안암빌딩)"
블리스박철헤어SK뷰점,생활/리빙,3466,은평구 ,"서울특별시 은평구 응암로30길 16 (응암동, 백련산에스케이뷰아이파크)",상가 2층 박철헤어
안녕언어심리연구소,기타,4702,성동구 ,"서울특별시 성동구 무학로 33 (하왕십리동, 텐즈힐)",151동 303-1호
플로우라이크,의류/잡화,4355,용산구 ,서울특별시 용산구 백범로 28411 효창동,302호
미소,음식점/식음료업,2586,동대문구,서울 동대문구 천호대로4길,"21, 빨강동.37호 (신설동,서울풍물시장.)"
쇼팽음악학원,기술/기능 교육,3426,은평구 ,서울특별시 은평구 갈현로 169-6 2층,1층 쇼팽피아노
가양김치찌개,음식점/식음료업,7575,강서구 ,서울특별시 강서구 양천로 482 (등촌동),삼부르네상스오피스텔 102-1호
중랑중고가전,가전/통신,2117,중랑구 ,서울특별시 중랑구 망우로 245 (중화동),1
봉평메밀국수,음식점/식음료업,2572,동대문구,서울시 동대문구 왕산로 177-3,1층
야미쿡스,음식점/식음료업,2211,중랑구 ,서울 중랑구 면목로56길,"78, 1층 1호 (면목동)"
(주)나랏말교육,문화/체육,5599,송파구 ,서울 송파구 백제고분로21길,"27, 4층 402호 (삼전동)"
공구당구장,문화/체육,8226,구로구 ,서울 구로구 경인로43길,"9, 3층 (고척동)"
무교동낙지골,음식점/식음료업,3779,서대문구,서울특별시 서대문구 연세로2길 19 (창천동),1층
굿유통,생활/리빙,5510,송파구 ,서울 송파구 올림픽로35가길,"11, 701호 (신천동,한신잠실코아)"
봄미디어(BOMMEDIA),건축/철물,4206,마포구 ,서울 마포구 마포대로,"196, 7층 14호 (아현동,고려아카데미텔)"
오일지게차,생활/리빙,2593,동대문구,서울 동대문구 황물로,60 (답십리동)
아몽드헤어,생활/리빙,2039,중랑구 ,서울 중랑구 동일로152길,"11, 1층 (묵동)"
빅아이즈정보시스템,가전/통신,2119,중랑구 ,서울 중랑구 망우로30길,"8, 407호 (상봉동,동일빌딩4층)"
미래주방종합인테리어,가구/인테리어,1081,강북구 ,서울 강북구 수유로,50 (수유동)
국민닭발,음식점/식음료업,1751,노원구 ,서울특별시 노원구 동일로218길 29,1층 108호
이선수학교습소,기술/기능 교육,7537,강서구 ,서울특별시 강서구 양천로73길 56-2 (염창동),301호
세븐일레븐 쌍문한일병원점,식자재/유통,1450,도봉구 ,서울특별시 도봉구 우이천로 308,세븐일레븐 쌍문한일병원점
르봉방,식자재/유통,1693,노원구 ,서울특별시 노원구 상계로1길 62-51(상계동),1층 와인샵 르봉방
아신 심리상담,보건/복지,5266,강동구 ,서울특별시 강동구 양재대로 1666(명일동),3층
세봉,식자재/유통,6313,강남구 ,서울특별시 강남구 논현로8길 5(개포동),세봉
일산우리생수,식자재/유통,3470,은평구 ,서울 은평구 가좌로,182-5 (응암동)
신성사,기타,2161,중랑구 ,서울특별시 중랑구 면목로74길 28 (면목동),신성사
비에치비랩(BHB Lab),생활/리빙,6103,강남구 ,서울 강남구 봉은사로,"307, 704호 (논현동,논현동이안오피스텔)"
(주)디오디자인그룹,기타,6032,강남구 ,서울 강남구 논현로155길,"10, 3층 (신사동,정운빌딩)"
박치과의원,보건/복지,5269,강동구 ,서울 강동구 동남로75길,"29, 301세종프라자 (명일동)"
라하잉글리시,입시/교습학원,3301,은평구 ,"서울특별시 은평구 진관3로 33(진관동, 은평뉴타운 꿈에그린)",
지니뷰티랩,생활/리빙,8514,금천구 ,서울 금천구 디지털로10길 37,3층 354호
스코넬리,음식점/식음료업,7007,동작구 ,서울특별시 동작구 사당로29가길 3(사당동),스코넬리
비비큐(BBQ) 둔촌시장점,음식점/식음료업,5403,강동구 ,서울특별시 강동구 양재대로89길 62(성내동),
엠브릿지학원,입시/교습학원,6343,강남구 ,서울특별시 강남구 일원로3길 10 2층 엠브릿지 학원,엠브릿지학원
킴스프렌치보우,의류/잡화,6709,서초구 ,서울 서초구 남부순환로317길,"37, 1층 (서초동,영우빌딩)"
블루밍,의류/잡화,5648,송파구 ,서울 송파구 양재대로,"1222, 124호 (방이동,올림픽프라자)"
골드2424크린,기타,2061,중랑구 ,서울 중랑구 송림길,"102, 1층 상가 (망우동)"
대림평생교육원,기술/기능 교육,7412,영등포구,서울 영등포구 대림로,"199, 2층 (대림동,건용빌딩)"
캐논디지털,기타,5662,송파구 ,서울 송파구 백제고분로 436 (송파동),매헌빌딩 2층 캐논디지털
(주)하나기술학원,기술/기능 교육,8505,금천구 ,서울 금천구 가산디지털2로,"115, 906호 (가산동,대륭테크노타운3차)"
피어나 머리염색,생활/리빙,1051,강북구 ,서울 강북구 노해로,"96, 1층 좌측호 (수유동)"
(주)잠실풋볼아카데미주사랑,기술/기능 교육,5600,송파구 ,서울 송파구 석촌호수로,"140, 지1층 비01호 (삼전동,잠실레이크타워)"
공유오피스 비상주사무실 마이비지니스파트너 중랑점,부동산/임대,2104,중랑구 ,서울 중랑구 동일로129길,"35, 2층 214,215,216호 (중화동,태능에셈빌)"
태정개발(주),건축/철물,3696,서대문구,서울 서대문구 연희동,719-16번지
엘케이메디칼,보건/복지,6069,강남구 ,서울 강남구 선릉로,"704, 12층 1236호 (청담동,청담빌딩)"
묵호댁선릉직영점,음식점/식음료업,6197,강남구 ,"서울특별시 강남구 선릉로76길 24 (대치동, 관용빌딩)",1층
사단법인마음그림문화예술협회,기타,7010,동작구 ,서울 동작구 사당로12길,"11, 101호 (사당동,다사랑빌)"
바리스타곰,음식점/식음료업,5283,강동구 ,서울특별시 강동구 상일로5길 11(상일동),1층
크로스핏 강남 반포,문화/체육,6552,서초구 ,서울특별시 서초구 방배중앙로 204(방배동),"B01, 02호"
오렌즈 영등포점,의류/잡화,7304,영등포구,서울특별시 영등포구 영중로 16(영등포동3가),
필라테스 해,기술/기능 교육,7587,강서구 ,"서울특별시 강서구 공항대로41길 56 (등촌동, 진아빌딩)",진아빌딩4층
이상각이비인후과,보건/복지,3385,은평구 ,서울 은평구 대조동,186-1번지
리드인가재울2관독서토론학원,입시/교습학원,3791,서대문구,"서울특별시 서대문구 수색로 56 (북가좌동, 성공타워1)",
유씨에이어학원,외국어/언어,2831,성북구 ,"서울특별시 성북구 성북로4길 52 (돈암동, 한신한진아파트)",
신예,음식점/식음료업,4778,성동구 ,서울특별시 성동구 왕십리로4길 13-1 (성수동1가),
꼬르륵키친,음식점/식음료업,4608,중구   ,서울특별시 중구 청구로 83 (신당동),
락코인노래연습장,문화/체육,2709,성북구 ,서울 성북구 보국문로,"45, B01층 (정릉동)"
잼,기타,5086,광진구 ,서울 광진구 능동로1길,"15, 101동 13층 8호 (자양동,한강우성아파트)"
꽃을맛보다,식자재/유통,8009,양천구 ,서울 양천구 신목로14길,"15, 1층 101호 (신정동)"
24시 과일야채,식자재/유통,5224,강동구 ,서울 강동구 고덕로79길,"29, 1층 104호 (고덕공, 고덕그라시움(제2상가)) (고덕동)"
땡스피자 서초점,음식점/식음료업,6657,서초구 ,서울 서초구 반포대로21길,"17, 선업빌딩, ,지하1층 지층1호 (서초동)"
미더베스트 홍대점,생활/리빙,4056,마포구 ,서울 마포구 신촌로4길,"22-14, 4층 (동교동)"
체인지피플(change people),생활/리빙,1385,도봉구 ,서울 도봉구 방학로11길,"95, 2층 (쌍문동)"
네스트(NEST)학원,기술/기능 교육,2880,성북구 ,서울특별시 성북구 성북로 5-7,3층 전체
목동만복순대국,음식점/식음료업,7946,양천구 ,서울 양천구 목동중앙북로5길,"33, 1층 (목동)"
애프터텐,식자재/유통,2582,동대문구,서울 동대문구 하정로,"49-1, 201호 (신설동,성산빌딩)"
유비링크(U vi Link),식자재/유통,5408,강동구 ,서울 강동구 양재대로83길,"36, 1층 (제102호-A) (성내동)"
둥지,음식점/식음료업,7988,양천구 ,"서울특별시 양천구 목동동로 339 (목동, 목동트윈빌)",
달이 비추는 곳,기타,4500,중구   ,"서울특별시 중구 만리재로 175 (만리동2가, 서울역센트럴자이)",
더블유에스WS복싱클럽 수색점,생활/리빙,3502,은평구 ,서울특별시 은평구 수색로14길 5-3 (수색동),지하 1층 ws복싱
할리스 서서울공원점,음식점/식음료업,7915,양천구 ,서울특별시 양천구 남부순환로58길 37 (신월동),1-3층
퀼트공간,의류/잡화,3198,종로구 ,서울 종로구 종로6가,289-3번지 동대문종합상가 A동 5088호
종로여성인력개발센터,기타,3079,종로구 ,서울특별시 종로구 대학로11길 23,스타시티빌딩 3층
코리아 굿,기타,5609,송파구 ,서울특별시 송파구 백제고분로39길 24 (석촌동),정훈빌딩 2층
서로사랑한의원,보건/복지,5296,강동구 ,서울시 강동구 양재대로128길 15,1층 (길동)
아임사진관,생활/리빙,7548,강서구 ,"서울특별시 강서구 화곡로 416 (등촌동, 가양역더스카이밸리5차지식산업센터)",
지수정보통신,가전/통신,3161,종로구 ,서울 종로구 인사동5길,"41, 지하 8호 (공평동,한미빌딩)"
이영헤어펀,생활/리빙,3106,종로구 ,서울 종로구 창신길,"40-1, 1층 (창신동)"
경성상사,의류/잡화,3115,종로구 ,서울 종로구 종로,376 (숭인동)
만승물산,의류/잡화,8512,금천구 ,서울 금천구 디지털로,193 (가산동)
주식회사 슈퍼원에프앤비,음식점/식음료업,4313,용산구 ,서울특별시 용산구 청파로45길 24(청파동3가),1층 모미모미
스튜디오실로온,기타,6690,서초구 ,"서울특별시 서초구 청두곶길 38-2 (방배동, 아로마빌)",
배재반점,음식점/식음료업,4516,중구   ,서울특별시 중구 서소문로 103,
장터멸치국수,음식점/식음료업,2157,중랑구 ,서울시 중랑구 상봉로 83,장터멸치국수
마산아구찜,음식점/식음료업,3133,종로구 ,서울 종로구 삼일대로,430 (낙원동)
대전과학상사,문화/체육,3192,종로구 ,서울 종로구 돈화문로,9-2 (관수동)
모모,의류/잡화,4529,중구   ,서울 중구 남대문시장4길,"3 (남창동,,C동 1층 29호)"
힐탑무역,생활/리빙,4528,중구   ,서울 중구 소월로,"3, 18호 (남창동,롯데손해보험빌딩)"
샤인정보,가전/통신,4373,용산구 ,서울 용산구 청파로,"40, 1418호 (한강로3가,삼구빌딩)"
봄밸런스 재활운동센터,기타,8608,금천구 ,"서울특별시 금천구 벚꽃로 30 (독산동, 금천롯데캐슬골드파크2차)",
유림철망,기타,8639,금천구 ,서울시 금천구 시흥대로 97(시흥동),30-131 유림철망
아트한울,기타,5790,송파구 ,서울 송파구 위례송파로5길,"5, 113호 (거여동,송파헤븐시티더테라스)"
수헤어갤러리,생활/리빙,3012,종로구 ,서울 종로구 진흥로,"436, 1층 2호 (구기동)"
라일락산부인과의원,보건/복지,5044,광진구 ,서울 광진구 아차산로,"375, 2층 제214호,215호,216호217호 (구의동)"
노드커뮤니케이션즈(Node Comms),기타,6222,강남구 ,서울 강남구 언주로79길,"12, B2층 (역삼동,MS빌딩)"
성신,생활/리빙,8762,관악구 ,서울 관악구 남부순환로157길,43 (신림동)
냉동냉장써비스(우성),식자재/유통,5757,송파구 ,서울 송파구 마천로45길,"4-6, 지층 (마천동)"
범죽 신림점,음식점/식음료업,8813,관악구 ,서울 관악구 대학6길,"14, 1층 (신림동)"
한진유리상사,생활/리빙,4635,중구   ,서울특별시 중구 소월로 31,한진SC
(주)에이치엠파마,보건/복지,5719,송파구 ,서울 송파구 중대로,"101, 611호 (가락동,동부썬빌)"
번양집(구일점),음식점/식음료업,8323,구로구 ,서울 구로구 구일로10길,
고메램 여의도,음식점/식음료업,7332,영등포구,"서울특별시 영등포구 국제금융로8길 31 (여의도동, SK증권빌딩)",
목인문화재단,문화/체육,3022,종로구 ,서울특별시 종로구 창의문로5길 46-1 (부암동),목인박물관 목석원
에코포유,기타,4717,성동구 ,서울 성동구 행당로,"82, 117동 404호 (행당동,행당한진타운)"
바디케이PT 난곡점,문화/체육,8858,관악구 ,서울 관악구 난곡로,"173, 2층 (신림동)"
마을마당,자동차/주유,7921,양천구 ,서울 양천구 곰달래로3길,"13, 공영주차장 (신월동)"
웰빙헤어살롱  나무,생활/리빙,3935,마포구 ,서울  마포구  성산2동 450  시영아파트제1상가  123,
강서5호점 공항동 우리동네키움센터,보건/복지,7808,강서구 ,"서울특별시 강서구 공항대로 124 (마곡동, 마곡엠밸리11단지)",1105동  1층 101호
정릉손칼국수,음식점/식음료업,2816,성북구 ,서울특별시 성북구 정릉로36길 35 (정릉동),
(봄빛)베스트 산후도우미 서초강남점,기타,6651,서초구 ,"서울 서초구 사임당로 28,",
주식회사 웹스미디어,디자인/인쇄,6707,서초구 ,서울 서초구 명달로,"43, 3층 (방배동,유성빌딩)"
지디인테리어,건축/철물,8267,구로구 ,서울 구로구 고척로,86 (개봉동)
연프로콜밴,기타,7717,강서구 ,서울 강서구 화곡로20길,"33-11, 202호 (화곡동,더홈)"
다인디자인,디자인/인쇄,8620,금천구 ,서울시 금천구 시흥대로84다길 4,다인디자인
디엠씨DMC소나무3034001공인중개사사무소,부동산/임대,3711,서대문구,"서울특별시 서대문구 가재울미래로 2 (남가좌동, DMC파크뷰자이)",203동 상가104-1호 소나무공인중개사사무소
으뜸악기,의류/잡화,3140,종로구 ,"서울특별시 종로구 삼일대로 428, 193호 (낙원동, 낙원상가2층)",으뜸악기
순대실록남부터미널점,음식점/식음료업,6653,서초구 ,서울특별시 서초구 효령로53길 23 (서초동),1층
가리온,의류/잡화,3198,종로구 ,서울 종로구 종로,"266 (종로6가,동대문종합시장A동5층5154-1호)"
이에스지(ESG)글로벌교육문화협회,기술/기능 교육,8753,관악구 ,서울 관악구 봉천로,"270, 504호 (신림동,에르스떼)"
몬스터 돈까스 호프,음식점/식음료업,5510,송파구 ,서울 송파구 올림픽로,"289, B1층107호 (신천동,잠실시그마타워)"
만복집,음식점/식음료업,5737,송파구 ,"서울특별시 송파구 성내천로 129 (마천동, 극동그린하우스)",1층
케이(K)-데이터 복구센터,기타,4516,중구   ,서울 중구 서소문로,"103, 7층 721호 (서소문동,배재빌딩)"
뿌리깊은심화수학교습소,기술/기능 교육,8015,양천구 ,서울 양천구 신목로,"70-1, 4층 (신정동)"
흰 종이에 달이 스치운다,기타,3427,은평구 ,서울 은평구 서오릉로21길,"36, 102동 204호 (구산동,갈현현대아파트)"
맘카페,음식점/식음료업,8772,관악구 ,서울 관악구 난곡로,"270, 2층 202호 (신림동,승지빌딩)"
두호콜밴,기타,7662,강서구 ,서울 강서구 까치산로18길,7-34 (화곡동)
